IDs,Uploaded.Peptides
D4A9J4,GIGT#PPNTTPIK
D4A9J4,GIGT#PPNT#T#PIK
D4A9J4,NGS#PEIK
D4A9J4,KS#ERGMAAK
D4AAG9,MNGHS#DEESVR
D4AAG9,RQIDS#S#EDEDDEDYDNDKR
D4AAG9,RYS#GS#DS#DS#ISER
D4AAG9,RY#S#GS#DS#DS#ISER
D4AAG9,RY#S#GS#DS#DS#IS#ER
D4AAG9,KRPY#S#S#FS#NGK
D4AAG9,AASSGPRS#PLDQR
D4AAG9,S#PYGS#RS#PFEHSAEHR
D4AAG9,S#PFEHSAEHR
D4AAG9,S#T#PEHT#WSSR
M0RBE8,VIHS#S#DEGEDQTGEDEEDDEWDD
A0A0G2K130,DEEDT#S#FESLSK
B5DF91,NMALLS#QLY#HS#PAR
B5DF91,NMALLSQLYHS#PAR
D4A7Z0,KDS#IS#EDEMVLR
Q6JEL3,SAEAYS#PVANTWR
A0A8I6GIE0,VMLLADS#S#EDEF
Q4KMA2,PAQT#PVLT#S#PAPADSTPGDSSR
Q4KMA2,PAQTPVLT#S#PAPADSTPGDSSR
Q4KMA2,PAQTPVLT#S#PAPADS#T#PGDSSR
Q4KMA2,PAQTPVLTSPAPADS#T#PGDS#S#R
Q4KMA2,PAQTPVLTSPAPADSTPGDS#S#R
P20781,NTVNGTGT#PVHISTLQVGETR
Q924K2,RT#S#PVQT#R
Q924K2,S#PMMPENAENEGDALLQFTAEFSSR
Q924K2,TPS#GEFLER
Q6AY20,GVGDDQLGEES#EERDDHLLPM
Q5XII9,NAS#VPNLR
Q5XII9,AS#S#FADMMGILK
Q5XII9,ASS#FADMMGILK
Q3KRE8,INVYYNEAT#GNK
B4F7C2,INVYYNEAT#GGNYVPR
D4A8G3,RGS#WDS#LPDTSSTDR
P41565,S#RNNILR
P41565,ENT#EGEY#S#S#LEHES#VAGVVES#LK
A0A8I6A0I3,TVAISDAAQLPQDY#CT#T#PGGT#LFS#T#T#PGGT#R
A0A8I6A0I3,TVAISDAAQLPQDYCTTPGGTLFS#T#T#PGGT#R
A0A8I6A0I3,TVAISDAAQLPQDY#CT#T#PGGTLFS#T#T#PGGT#R
D3ZM09,RS#FAT#EK
Q703I1,S#KS#PVLHPPK
Q4QQV3,RHES#LT#SLNLER
Q62844::F1LM93::Q6P6U0,GAY#SLSIR
Q62844::F1LM93::Q6P6U0,GAYS#LSIR
Q62844::F1LM93,LDNGGY#Y#ITTR
F1LM93,KDPDERPTFEYIQSFLEDYFTATEPQY#QPGENL
M0RCP9::A0A8I6GE67,GGAAS#GS#DS#ADK
Q9WUL0,SGDHLHNDS#QIEADFR
Q9WUL0,ENGFSS#PPR
A0A8I6AML4,T#VGHLEK
Q00969,NDSVIVADQT#PT#PT#R
Q00969,NDSVIVADQTPT#PT#R
Q00969,KMPLDLS#PLATPIIR
Q497B5,RS#S#IS#T#VY#VDWPEPALTPAIK
Q64604,DSLLAHS#S#DPVEMR
D4AEG3,INHTVILDDPFDDPPDLLIPDRS#PEPTK
D4AEG3,INHTVILDDPFDDPPDLLIPDRS#PEPT#K
D3ZEM8::D4A9V6,PS#LPPK
D4ABG0,FT#LIDGIR
A0A8I6GIQ1,S#GFLEGSR
Q6YDN8,S#YAEKPDEITK
Q68G31::A0A8I6A160,LS#DSYDR
Q5U317,VTETEDDS#DS#DS#DDDEDDVHVTIGDIK
Q5U317,VTET#EDDS#DS#DS#DDDEDDVHVTIGDIK
Q5U317,AEFT#S#PPS#LFK
Q5U317,AEFTS#PPSLFK
Q5U317,DHS#PTPSVFNSDEER
Q5U317,DHS#PT#PS#VFNSDEER
Q5U317,DHS#PT#PSVFNS#DEER
Q5U317,RRHES#EEGDSHR
Q5I0D1,LEWPLS#K
Q5I0D1,FYLQDRS#PS#QSDPVLK
B2RZD5::A0A0G2JZA6::D3ZSF9,YFQISQDEDGS#ESED
B2RZD5::A0A0G2JZA6::D3ZSF9,YFQIS#QDEDGS#ES#ED
F7FBV1,SVPT#FT#VIPEGPRS#PS#PLMVVDNEEEPMEGVPLEQYR
F7FBV1,AWLDEDS#NLS#PS#PLR
F7FBV1,AWLDEDSNLS#PS#PLR
F7FBV1,LGGPEGPGS#PLLAT#
P21451,ANDHGYDNFRS#S#NK
F1M147,KLPFPLS#PS
A1L108,AFHAALRNS#PINTK
A1L108,S#S#EIEQAVQSLDR
A0A0G2JZL2::P51740,QVPDS#ASTATAYLCGVK
A0A0G2JZL2::P51740,QVPDS#AS#T#ATAYLCGVK
A0A0G2JZL2::P51740,QVPDS#AS#T#AT#AYLCGVK
G3V8A5,PTTQQS#PQDEQEK
G3V8A5,S#RRES#PES#EGPIYEGLIL
G3V8A5,RES#PESEGPIYEGLIL
Q9WTN5,S#DLSLK
Q3T1K5,ADLEEQLS#DEEK
G3V7P1,AGS#RLS#AEDR
G3V7P1,AGSRLS#AEDR
A0A0G2JYA4::P63331::P62716,T#PDYFL
B2GUV8,EEERPS#S#EDEIALHFEPPNAPLNR
B2GUV8,GLVSPQS#PQK
B2GUV8,FIVLNS#LNQNAKPEGS#EQAELGRLS#PR
B2GUV8,SLAGS#PR
D4A503,S#PGS#PLPPLPEDGEGSEVINSK
A0A8I6G409,TYS#LS#PR
A0A8I6G409,KMS#GGS#T#MS#SGGGNTNNSNSK
D3ZK25,LTVVS#PNR
Q9Z1N1,IFSLNEGY#AK
Q9Z1N1,Y#FDAATAEYVQK
Q6P7A9,ALVKT#R
B1H267,S#ADEVLFSGVK
Q5U2Y6,S#LSHLYR
Q5U2Y6,EEATYGVWAERDS#DEERPS#FGGK
Q5U2Y6,KGAAEEADS#EDS#DAEEKPVK
Q5U2Y6,T#T#QS#LQDFPVADS#EEEAEEEFQK
Q5U2Y6,TTQSLQDFPVADS#EEEAEEEFQK
A0A0G2K8F9,GKAS#PFEEDQNR
A0A0G2K8F9,QAS#PTEVVER
A0A0G2K8F9,QAS#PT#EVVER
Q8VHZ8,FS#IGQR
D4A3I3,EWPVSSFNRPFPNS#P
Q4QRB4,ISVYYNEAS#S#HK
Q499V6,SAYFS#DEEELS#D
S4VP54,LKIS#PEQHWDFTAEDLK
S4VP54,ILDQMPAT#PS#S#PMYVD
S4VP54,ILDQMPAT#PS#S#PMY#VD
Q9R1M7,LSLWWLLS#R
P70618,S#QERPTFYR
P70618,HT#DDEMT#GYVATR
P70618,HTDDEMTGY#VATR
P70618,HTDDEMT#GY#VAT#R
D4AAK5,GS#LS#LS#FER
P47868,ELS#AERPLNEQIAEAEADK
F1LT36::D3ZH53::D3ZCN9::D3ZJY5::Q7TP86::D4A5N7::P63326,IAIY#ELLFK
D3ZH53::P63326,AEAGAGS#ATEFQFR
A0A8I5ZVE8,EEAWALLVDES#PQK
A0A0G2K1H0,EALVSQPS#S#PGLLQSLLER
Q9ESR9,VSEEDQS#LENSEADVK
Q9ESR9,VSEEDQS#LENS#EADVK
Q9ESR9,ALVADEPEDLDT#EDEGLISFEEER
Q923V8,WNT#DS#VEEFLSEK
P06214,DAAQS#S#PAFGDR
D3ZRW5,MGS#AHPR
D3ZBE5,FFS#S#KT#T#AAHS#LVGTPYYMSPER
P59895::D3ZBE5,T#T#AAHS#LVGTPYYMSPER
A0A8I6GKM7,ALMT#LK
D3ZP45,EAANEAGDS#S#QDEAEEDVK
P61265,S#AKDS#DDEEEVVHVDR
P61265,SAKDS#DDEEEVVHVDR
P61265,T#T#T#NEELEDMLESGK
B5DF66,AEESEPLPSCPGS#PPLPDDLQPLDCK
Q4V888,SPLLS#AS#HS#GNVT#PT#APPYLQESSPR
Q4V888,SPLLSASHSGNVT#PTAPPYLQES#S#PR
Q4V888,SPLLS#AS#HS#GNVT#PT#APPY#LQES#S#PR
D4A0W1,S#DRGS#GQGDSLYPVGYLDK
D4A0W1,S#DRGS#GQGDS#LYPVGYLDK
P0C5X8,AWALFPPS#DDY#DDT#DDDDPFNPQESK
P0C5X8,FVQWQS#S#I
P0C5X8,RFVQWQSS#I
A0A8I6A7G4,SHGS#GLVR
Q9ESG3,GGHINDGFLTEDERLT#PL
Q5U2U2,NS#NS#Y#GIPEPAHAY#AQPQT#T#T#PLPT#VASTPGAAINPLPSTQNGPVFAK
Q5U2U2,NSNSYGIPEPAHAY#AQPQT#TTPLPTVASTPGAAINPLPSTQNGPVFAK
D3ZHK4,S#T#ELVLSPDMPR
D3ZHK4,STELVLS#PDMPR
D3ZHK4,AAQS#LDEMSQTITDLLNEQK
D3ZHK4,VSTSQAS#PQSAASPR
D3ZHK4,IESTTGIT#T#T#T#S#PK
D3ZHK4,IESTTGITTTT#S#PK
B0BNJ4,RLS#QQSASGAPVLLR
B0BNJ4,RLS#QQS#AS#GAPVLLR
D3ZCQ7,S#FQDYTGQK
A0A8I6A7W5::P62755,LFNLS#K
A0A0G2K012::A0A0G2JWX7::D4A009::A0A8I6A7W5::P62755::D4ADZ0::D3ZTE0,RLS#S#LR
P62755::A0A8I5ZRX3,LSS#LRASTSK
P62755::A0A8I5ZRX3,LSSLRAS#T#SK
P62755::A0A8I5ZRX3,LS#S#LRAS#T#S#K
P62755::A0A8I5ZRX3,LSS#LRAS#T#S#K
P62755::A0A8I5ZRX3,LSS#LRAS#T#S#KS#ES#SQK
P34080,RQS#VELHSPQSLPR
P34080,RRQS#VELHS#PQSLPR
P34080,RQS#VELHS#PQS#LPR
A0A0G2JW73,S#PS#LAFPK
P38445,EIFS#T#PGMK
P28494,DSVINLS#ES#VEDGPR
D4A518,PS#S#PGS#PS#PMFR
D4A518,VES#PVIFDLEDLDTETDGSK
D4A518,TPS#IDLQR
D4A518,EGS#QET#LAHS#S#PSFNLDTLLVPK
D4A518,EGS#QET#LAHS#S#PS#FNLDT#LLVPK
D4A518,ASLGS#SAS#LEGSLSK
Q4QQW4,MLPHAPGVQMQAIPEDAIPEES#GDEDEEDPDKR
Q4QQW4,RIACEEEFS#DS#DEEGEGGRK
P16884,S#PGEAKS#PAEAK
P16884,SPGEAKS#PAEAK
P16884,S#PATVKS#PGEAK
P16884,S#PAT#VKS#PGEAK
P16884,S#PAEAKS#PAEAK
P16884,SPAEAKS#PAEAK
P16884,SPAEAKS#PAEAKS#PAEAK
P16884,S#PAEAKS#PAEAKS#PAEVK
P16884,S#PAEAKS#PAEVK
D4A303::A0A0G2JU32::P16884,S#PAEVK
P16884,S#PAEVKS#PAEAK
P16884,SPAEVKS#PAEAK
P24942,NRDVEMGNS#VIEENEMK
P48508,TLNEWSSQIS#PDLVR
P48508,LFIVGSNS#S#S#S#T#R
Q4KM74,NLGS#INTELQDVQR
Q4KM74,GEALSALDS#K
Q4KM74,ANNLS#S#LS#K
P47942::Q62952,NIPRIT#S#DR
P47942,S#AAEVIAQAR
P47942,GLYDGPVCEVSVT#PK
P47942,TVT#PASSAK
P47942,T#VT#PAS#S#AK
P47942,TVTPAS#S#AKT#S#PAK
P47942,TVT#PAS#S#AKT#S#PAK
P47942,NLHQSGFS#LS#GAQIDDNIPR
P08592,VES#LEQEAANER
F1LSQ8,S#GAGDY#LLGLK
Q63699::P39951,IGEGT#YGVVYK
Q63699::P39951,IGEGT#Y#GVVYK
Q63699::P39951,IGEGTYGVVY#K
Q6NYB7,S#S#MNPEY#DYLFK
A0A8I6A3I5::A0A8I6A3Z4::A0A8I6A1H5::Q6NYB7::A0A8I6AT03,IQS#T#PVK
P63259::P60711::P63269::P68035::P68136::P62738,AVFPS#IVGRPR
P63259::P60711::P63269::P68035::P68136::P62738,HQGVMVGMGQKDS#YVGDEAQSK
P63259::P60711::A0A8I5Y704::P63269::P68035::P68136::P62738,DSY#VGDEAQSK
P63259::P60711::A0A8I5Y704::P63269::P68035::P68136::P62738,DSYVGDEAQS#K
P63259::P60711::P97829::Q6AYC8::D3ZRN3::P63269::P68035::P68136::P62738,GILT#LK
P63269::P68035::P68136::P62738,Y#PIEHGIIT#NWDDMEK
P63259::P60711::A0A8I5Y704::P68035::P68136,IWHHT#FYNELR
P63259::P60711::A0A8I5Y704::P68035::P68136,IWHHT#FY#NELR
P63269::P68035::P68136::P62738,T#T#GIVLDSGDGVTHNVPIYEGYALPHAIMR
P63259::P60711::A0A8I5Y704::D3ZRN3::P63269::P68035::P68136::P62738,DLT#DY#LMK
P63269::P68035::P68136::P62738,GY#SFVTTAER
P63269::P68035::P68136::P62738,GYS#FVTTAER
P63269::P68035::P68136::P62738,GYSFVT#T#AEREIVR
P63259::P60711::A0A8I5Y704::D3ZRN3::P63269::P68035::P68136::P62738,S#YELPDGQVITIGNER
P63259::P60711::A0A8I5Y704::D3ZRN3::P63269::P68035::P68136::P62738,SYELPDGQVIT#IGNER
P63259::P60711::A0A8I5Y704::P63269::P68035::P68136::P62738,EIT#ALAPSTMK
P63259::P60711::A0A8I5Y704::P63269::P68035::P68136::P62738,EITALAPS#T#MK
P68035::P68136::P62738,QEY#DEAGPSIVHR
P68035::P68136::P62738,QEYDEAGPS#IVHRK
P35000,LHS#WSMSR
P35000,LHS#WS#MS#R
P35000,T#QS#FLQSETSVI
F1LP13,NGAVLT#AEES#DPAES#MES#LV
P20650,NDDT#DS#AS#T#DDMW
P20650,LNPYKNDDTDS#AS#T#DDMW
Q9JJI7,AGGGS#QDFGAGLK
P25977,GKLPES#PK
B0BN72,NS#S#PRS#PT#NS#SEIFTPAHEENVR
B0BN72,S#PTNSSEIFTPAHEENVR
B0BN72,S#PT#NS#S#EIFTPAHEENVR
Q91Y81,IYHLPDAES#DEDEDFKEQTR
Q641Z4,NSQPNRY#T#NR
Q62771,EANNCS#S#PAGVLVDAMSQK
Q62771,AVDGY#VKPQIK
Q62771,LS#PPAGLFTSAR
P52632,EANNGS#S#PAGSLADAMSQK
P52632,AADGY#VKPQIK
D3ZBT4,GEHS#PDDNIIFFK
P61149,AILFLPLPVS#S#D
Q9EPJ1,SAGGSAGPGGATGGGIGGGDEPGS#PAQGK
Q6YDN7,QKEDVEGVGT#S#DGEGAAGLSSDPK
Q6YDN7,EDVEGVGT#S#DGEGAAGLSSDPK
Q99MZ4,AAENEASQESALGAYS#PVDYMSITSFPR
Q99MZ4,LPS#S#S#S#EMGS#QDGS#PLR
Q99MZ4,LPSSSSEMGS#QDGS#PLRETR
Q99MZ4,LPSSSSEMGSQDGS#PLR
P61016,RAS#TIEMPQQAR
P61016,AS#T#IEMPQQAR
P26435,AAATEDAT#PAALEK
P19836,MLQAIS#PK
P19836,MLQAIS#PKQS#PS#SSPTHER
P19836,MLQAIS#PKQS#PS#S#S#PT#HER
P19836,QS#PSS#S#PT#HER
P19836,QS#PS#S#S#PT#HERS#PS#PS#FR
P19836,SPS#PSFR
P19836,WPFSGKT#S#PSS#S#PASLSR
P19836,WPFSGKTS#PS#SSPASLSR
P19836,WPFSGKT#S#PS#SSPASLSR
P19836,WPFS#GKT#S#PS#S#S#PASLSR
P19836,AVTCDIS#EDEED
A0A8I6GBQ0,AHS#PVAVQVPGMQNNIADPEELFTK
P62329::A0A8I6AUX5,S#DKPDMAEIEKFDK
P62329::A0A8I6AUX5::A0A0G2K021,NPLPS#KET#IEQEK
P62329::A0A8I6AUX5::A0A0G2K021,NPLPSKET#IEQEK
Q05962,GDQALS#FLK
Q05962,DFLAGGIAAAVS#K
Q05962::A0A8I6A2W7::Q09073,LLLQVQHAS#K
A0A8I6A075::A0A8I5Y643::A0A8I6G2T3::Q05962::A0A8I6A2W7::D3ZB81::A0A8I6GK78::Q09073,YFPT#QALNFAFKDK
Q05962,LAADVGKGS#S#QR
Q05962,GS#S#QREFNGLGDCLTK
Q05962,AAY#FGVYDTAK
Q05962,AAYFGVY#DT#AK
A0A8I5Y643::Q05962::A0A8I6A2W7::Q09073,GAWS#NVLR
P97544,NGGS#PALNNNPR
F1LN97,S#PS#LVS#LRMK
F7F4X2,LAGDMGELALEGAEGQAEGS#T#PDK
D3ZU27::A7E3N2,T#PEIFR
D3ZXM1,LT#GS#S#LDLR
Q05695,PMKDETFGEY#RS#LES#DNEEK
Q05695,S#LESDNEEK
Q05695,SLES#DNEEK
Q05695,AFGS#S#QPS#LNGDIK
Q05695,AFGS#S#QPS#LNGDIKPLGS#DDS#LADY#GGS#VDVQFNEDGS#FIGQY#S#GK
Q05695,EAAGGNDS#S#GATSPINPAVALE
Q05695,EAAGGNDS#S#GAT#S#PINPAVALE
Q3KRD8,DSLIDS#LT#
B0BNL6,ASIDT#PRFS#K
P23441,AAQQQLQQDSGGGGGGGGGAGCPQQQQAQQQS#PR
Q6P502,KGES#QTDIEITR
F1LSC3,TGDLGIPPNPEDRS#PS#PEPIYNSEGK
F1LSC3,SPS#PEPIYNSEGK
P84092,S#PVTNIAR
P84092,Y#IGRS#GIY#ET#RC
A0A0G2K8Z8,LAIQGPEDS#PSR
A0A0G2K8Z8,LAIQGPEDS#PS#RQS#R
P63102,VVS#S#IEQK
P63102,FLIPNAS#QPES#K
P63102,TAFDEAIAELDT#LS#EES#Y#KDSTLIMQLLR
P63102,TAFDEAIAELDTLS#EESYK
P63102,TAFDEAIAELDTLSEES#YK
P63102,TAFDEAIAELDT#LS#EES#Y#KDS#T#LIMQLLR
P35213::Q5EBB0::P62260::P63102::P68255::P68511::P61983::G3V9A3,DS#T#LIMQLLR
P63102,DNLTLWT#S#DT#QGDEAEAGEGGEN
P41499,IQNTGDY#Y#DLYGGEK
D3ZRX9,GLQS#GVDIGVK
Q63942,AS#AS#EPPAS#PRDAADQNFDY#MFK
Q63942,MNESLEPS#S#S#PGS#NGK
A0A0G2JT78::Q9WVB1,S#AGGDFGNPLRK
Q9WVB1,S#REDMIDIK
B2GUX8,TVAS#DLQK
B2GUX8,GLS#DHAS#LDGQELGAQSR
B2GUX8,GLSDHAS#LDGQELGAQSR
F1M4W7,RPNEDS#DEDEEKGAVVPPVHDIYR
A0A8I6ALV4,VS#WEEVK
F7F5Q9,NKVS#EEHDILK
Q5BK58,VYS#ES#YISR
Q5BK58,VYSES#YISR
Q5BK58,QT#S#ET#VENDNAS#S#FT#M
P47819,MT#PPLPAR
Q63692,VDYSVWDHIEVS#DDEDETHPNIDTASLFR
Q63692,VDY#S#VWDHIEVS#DDEDET#HPNIDT#AS#LFR
A0A8I5ZLL5,GS#PGGDLGAK
A0A8I5ZLL5,SDS#AS#DS#QEIK
A0A8I5ZW41,S#MDVLPLDR
A0A8I6AF82::P68370::Q6AYZ1::Q68FR8::Q6P9V9,T#IGGGDDS#FNT#FFS#ET#GAGK
A0A8I6AF82::P68370::Q6AYZ1::Q68FR8::Q6P9V9,TIGGGDDS#FNT#FFS#ET#GAGK
A0A8I6AF82::P68370::Q6AYZ1::Q68FR8::Q6P9V9,TIGGGDDSFNT#FFS#ET#GAGK
A0A8I6AF82::P68370::Q6AYZ1::Q5XIF6::Q68FR8::Q6P9V9,LS#VDYGK
P68370::Q6AYZ1::Q5XIF6::Q68FR8::Q6P9V9::Q6AY56,NLDIERPT#Y#T#NLNR
P68370::Q6AYZ1::Q5XIF6::Q68FR8::Q6P9V9::Q6AY56,NLDIERPT#YT#NLNR
Q5XIF6::Q6P9V9,S#IQFVDWCPTGFK
P68370::Q6P9V9,DYEEVGVDS#VEGEGEEEGEEY
Q5XIF6,DYEEVGIDS#Y#EDEDEGEE
P69897,ISVYYNEAT#GGK
P69897::Q4QRB4::P85108::Q3KRE8,AILVDLEPGTMDS#VR
G3V857,EIEQEETLSAPS#PS#PS#PS#S#K
G3V857,EIEQEETLS#APS#PS#PS#PS#S#K
G3V857,S#T#GNLLDDAVK
G3V857,VDGKT#S#PVQSK
Q7TMB0,T#S#LGS#LK
P63312::A0A8L2QPJ1::A0A8I6GL50,ADKPDMGEIAS#FDK
P63312,NTLPT#KET#IEQEK
P63312::A0A8L2QPJ1::A0A8I6GL50,ETIEQEKRS#EIS#
P85125,SLKES#EALPEK
P85125,GS#S#PDVHT#LLEITEESDAVLVDK
P85125,GS#S#PDVHT#LLEIT#EES#DAVLVDKS#DS#D
P85125,GS#S#PDVHT#LLEITEES#DAVLVDK
P85125,GSSPDVHTLLEITEESDAVLVDKS#DS#D
Q811U3,SVGKVEPS#S#QS#PGRS#PR
Q8K3M6::Q811U3::F7FBH3,LPRS#PR
Q8K3M6::Q811U3,TFWS#PELKK
Q811U3,REDS#LS#DS#SQQLQVEELLMAMEK
Q811U3,SNQTNHKPS#PDQDEEEGIWA
P06907,RLS#AMEK
Q6UY90,WT#LS#S#FAEK
A0A8I6AUH3,HHS#ES#EERTETR
Q3ZAV1,NLPLPDTIQDIQKQS#VK
D3ZBP2,S#PPVQPHT#PVTISLGTAPSLQNNQPVEFNHAINYVNK
D3ZBP2,T#QY#EEHIY#R
D3ZBP2,GDLS#DVEEEEEEEMDVDEATGAPK
D3ZBP2,DKS#DS#PAIQLR
D3ZBP2,S#DS#PAIQLR
D3ZBP2,YMSSDT#T#S#PELR
D3ZBP2,YMSSDTT#S#PELR
Q9QYF3,AIS#PTSATSSGR
Q9QYF3,KIGELEVGQMENIS#PGQIIDEPIRPVNIPR
Q9QYF3,RT#S#S#IADEGTYTLDSILR
Q9QYF3,T#S#S#IADEGTYTLDSILR
P50463,S#LESTNVTDK
P50463,SLES#T#NVTDK
O35115,YIS#FEER
O70257,ASS#RVS#GGFPEDSSK
O70257,VS#GGFPEDSSK
P63014,LDS#PGNLDTLQAK
P63014,SLLESPGLT#S#GS#DT#PQQDNDQLNSEEK
A0A8I6A829,KRDS#FR
Q9QZC4,SPS#PTFSWLPNK
Q9QZC4,SPS#PT#FS#WLPNKT#S#PPS#S#PK
Q9QZC4,SPSPTFSWLPNKT#S#PPS#S#PK
Q9QZC4,S#PS#PT#FSWLPNKT#S#PPS#S#PK
Q9QZC4,AASASISSMS#EGDEDEK
A0A096MJ99,RNLLEDDS#DEEEDFFLR
F1LQQ5::A0A8I6AD01,QHS#GLK
Q00959,S#PDFNLT#GS#QS#NMLK
Q00959,SPDFNLTGS#QS#NMLK
Q00959,GS#LIVDMVSDK
Q00959,QDS#LNQNPVSQR
Q00959,YLPEEVAHS#DIS#ET#SSR
Q00959,DKGS#PHSEGSDR
Q00959,QHS#YDNILDK
Q00959,KMPS#IESDV
Q00959,KMPS#IES#DV
P35213::Q5EBB0::P62260::P63102::P68255::P68511::P61983::G3V9A3,NLLS#VAYK
P62260,IIS#S#IEQK
P62260,Y#LAEFATGNDR
P62260,YLAEFAT#GNDR
P62260,AAFDDAIAELDT#LS#EES#Y#KDS#TLIMQLLR
P62260,AAFDDAIAELDTLS#EESYK
P62260,AAFDDAIAELDTLS#EES#Y#K
A0A8I5YBE8::P86252,GPGLGS#T#QGQTIALPAQGLIEFR
A0A8I5YBE8::P86252,GPGLGS#T#QGQT#IALPAQGLIEFR
A0A8I5YBE8,NS#IT#VPYK
P08033,KGS#GFGHR
P08033,KGS#GFGHRLS#PEY#K
P08033,LLSEQDGS#LKDILR
P08033,S#PGTGAGLAEK
Q5XI70,LES#GRADS#EDEEER
Q06437,YHGHS#MSDPGISYR
Q06437,YHGHS#MS#DPGISYR
P21213,VQDAY#T#LR
P21213,MEHIPES#RPLS#PT#AFSLESLRK
P21213,PLS#PTAFSLESLRK
P21213,MEHIPES#RPLS#PT#AFSLESLR
P21213,KNS#AT#IPESDDL
Q25C79::A0A8I5Y994,ACGAT#LK
Q25C79,TLDFDPLLSPAS#PK
F7F7A6,DIET#FY#NT#S#IEEMPLNVADLI
M0RBE0,APDPEGLARPVS#PDS#PEIISELQQYADVAAAR
M0RBE0,APDPEGLARPVS#PDS#PEIIS#ELQQY#ADVAAAR
A0A0G2KAP6::Q63470,IY#QY#IQSR
A0A0G2KAP6::Q63470,IYQY#IQSR
Q68FR9,DIDLFGS#DEEEEDK
Q03061,APTTALPQGVVMAAS#PGS#LHS#PQQLAEEATR
Q03061,APTTALPQGVVMAAS#PGS#LHS#PQQLAEEAT#R
A0A0G2K014,GS#VSDEEMMELR
A0A0G2K014,GS#VS#DEEMMELR
Q63598::A0A0G2K014,Y#AFVNWINK
A0A0G2K014,EGES#LEDLMKLSPEELLLR
A0A0G2K014,ITNFS#T#DIK
Q01066::F1M4Q6,MELS#PR
Q01066,QPS#LDVDVGDPNPDVVSFR
Q9JKB0,RLGT#PPGGGAAGK
A0A0G2JYZ8,LEQNGS#PLGR
A0A0G2JYZ8,QPT#VAS#S#AES#DEENR
A0A0G2JYZ8,QPTVASSAES#DEENRQK
Q5BJS4,NPPPQDY#ES#DDESYEVLDLTEYAR
Q5BJS4,NPPPQDYES#DDESYEVLDLTEYAR
F1LXR9,VTIAS#LPR
F1LXR9,TRKPS#LSER
A0A8I5ZR44::A0A8I6APK0::M0R8K2,S#LLNKPK
A0A8I5ZR44::M0R8K2,SEMT#PEELQK
P08482,SQPGAEGSPES#PPGR
P08482,RPGS#VHRT#PSR
P09117,GILAADES#VGSMAK
P09117,GILAADESVGS#MAK
Q9R0W2,LNPS#FLDLVR
P84060,AQAT#GS#PHT#S#PT#HGGGR
P63007,DSESANVS#DK
F1M6V8,GGGGGGS#PGPTAGPEPLSLPGILHFIQHEWAR
F1M6V8,AS#PGPGGLSGGESLLVK
F1M6V8,LGGSVLEQIPFLQNCEDEDS#DEDDELDSVQHK
F1LMU5,DLGSQT#PQALTFNDGMSEVK
P22509,RVS#ISEGDDK
P63086,VADPDHDHTGFLT#EY#VATR
P63086,VADPDHDHTGFLTEY#VATR
P63086,VADPDHDHTGFLT#EY#VAT#R
P62632,EGNAS#GVSLLEALDTILPPTRPTDK
Q32Q06,VLFDNT#GR
F7F875,KFEDS#EK
F7F875,GT#GPGGQLQDLDCS#S#S#DDEGAT#QNT#KPS#AT#K
O88498,S#PLFIFVR
O88498,RS#S#LLSR
A0A0G2JYF7,QVQEAIAGISSAAQAT#S#PT#DEAK
A0A0G2JYF7,AVLMIRT#PEELEDDS#DFEQEDYDVR
A0A0G2JYF7,TPEELEDDS#DFEQEDYDVR
A0A0G2JYF7::Q5U302,S#RT#S#VQTEDDQLIAGQSAR
A0A0G2JYF7::Q5U302,T#S#VQTEDDQLIAGQSAR
A0A0G2JYF7::Q5U302,SRT#S#VQTEDDQLIAGQSAR
A0A0G2JYF7::Q5U302,TSVQT#EDDQLIAGQSAR
P38650,IFTIES#AR
P38650,EIVLS#AGS#T#PK
D4A303,AAAMPDS#PAEVK
D4A303,RSCTLS#PAQR
