"Pep.upload","Stripped.pep","Pep.main.index","Pep.all.index","Center.amino.acid","Seqwindows","PRO.from.Database","PROindex.from.Database","PRO.CombinedID"
"GIGT#PPNTTPIK","GIGTPPNTTPIK","4","4","T","QEVKGIGTPPNTTPI","D4A9J4","110","D4A9J4_T110"
"GIGT#PPNT#T#PIK","GIGTPPNTTPIK","4;8;9","4;8;9","T;T;T","QEVKGIGTPPNTTPI;GIGTPPNTTPIKNGS;IGTPPNTTPIKNGSP","D4A9J4","110;114;115","D4A9J4_T110;D4A9J4_T114;D4A9J4_T115"
"NGS#PEIK","NGSPEIK","3","3","S","TTPIKNGSPEIKLKI","D4A9J4","121","D4A9J4_S121"
"KS#ERGMAAK","KSERGMAAK","2","2","S","ASVSSKKSERGMAAK","D4A9J4","659","D4A9J4_S659"
"MNGHS#DEESVR","MNGHSDEESVR","5","5","S","___MNGHSDEESVRN","D4AAG9","5","D4AAG9_S5"
"RQIDS#S#EDEDDEDYDNDKR","RQIDSSEDEDDEDYDNDKR","5;6","5;6","S;S","QKKRQIDSSEDEDDE;KKRQIDSSEDEDDED","D4AAG9","214;215","D4AAG9_S214;D4AAG9_S215"
"RYS#GS#DS#DS#ISER","RYSGSDSDSISER","3;5;7;9","3;5;7;9","S;S;S;S","RSRSRRYSGSDSDSI;RSRRYSGSDSDSISE;RRYSGSDSDSISERK;YSGSDSDSISERKRP","D4AAG9","1094;1096;1098;1100","D4AAG9_S1094;D4AAG9_S1096;D4AAG9_S1098;D4AAG9_S1100"
"RY#S#GS#DS#DS#ISER","RYSGSDSDSISER","2;3;5;7;9","2;3;5;7;9","Y;S;S;S;S","RRSRSRRYSGSDSDS;RSRSRRYSGSDSDSI;RSRRYSGSDSDSISE;RRYSGSDSDSISERK;YSGSDSDSISERKRP","D4AAG9","1093;1094;1096;1098;1100","D4AAG9_Y1093;D4AAG9_S1094;D4AAG9_S1096;D4AAG9_S1098;D4AAG9_S1100"
"RY#S#GS#DS#DS#IS#ER","RYSGSDSDSISER","2;3;5;7;9;11","2;3;5;7;9;11","Y;S;S;S;S;S","RRSRSRRYSGSDSDS;RSRSRRYSGSDSDSI;RSRRYSGSDSDSISE;RRYSGSDSDSISERK;YSGSDSDSISERKRP;GSDSDSISERKRPKK","D4AAG9","1093;1094;1096;1098;1100;1102","D4AAG9_Y1093;D4AAG9_S1094;D4AAG9_S1096;D4AAG9_S1098;D4AAG9_S1100;D4AAG9_S1102"
"KRPY#S#S#FS#NGK","KRPYSSFSNGK","4;5;6;8","4;5;6;8","Y;S;S;S","SDSRKRPYSSFSNGK;DSRKRPYSSFSNGKD;SRKRPYSSFSNGKDH;KRPYSSFSNGKDHRE","D4AAG9","1577;1578;1579;1581","D4AAG9_Y1577;D4AAG9_S1578;D4AAG9_S1579;D4AAG9_S1581"
"AASSGPRS#PLDQR","AASSGPRSPLDQR","8","8","S","AASSGPRSPLDQRSP","D4AAG9","1678","D4AAG9_S1678"
"S#PYGS#RS#PFEHSAEHR","SPYGSRSPFEHSAEHR","1;5;7","1;5;7","S;S;S","RSPLDQRSPYGSRSP;DQRSPYGSRSPFEHS;RSPYGSRSPFEHSAE","D4AAG9","1684;1688;1690","D4AAG9_S1684;D4AAG9_S1688;D4AAG9_S1690"
"S#PFEHSAEHR","SPFEHSAEHR","1","1","S","RSPYGSRSPFEHSAE","D4AAG9","1690","D4AAG9_S1690"
"S#T#PEHT#WSSR","STPEHTWSSR","1;2;6","1;2;6","S;T;T","EHSAEHRSTPEHTWS;HSAEHRSTPEHTWSS;HRSTPEHTWSSRKT_","D4AAG9","1700;1701;1705","D4AAG9_S1700;D4AAG9_T1701;D4AAG9_T1705"
"VIHS#S#DEGEDQTGEDEEDDEWDD","VIHSSDEGEDQTGEDEEDDEWDD","4;5","4;5","S;S","KRSKVIHSSDEGEDQ;RSKVIHSSDEGEDQT","M0RBE8","485;486","M0RBE8_S485;M0RBE8_S486"
"DEEDT#S#FESLSK","DEEDTSFESLSK","5;6","5;6","T;S","LGRDEEDTSFESLSK;GRDEEDTSFESLSKF","A0A0G2K130","223;224","A0A0G2K130_T223;A0A0G2K130_S224"
"NMALLS#QLY#HS#PAR","NMALLSQLYHSPAR","6;9;11","6;9;11","S;Y;S","NKNMALLSQLYHSPA;MALLSQLYHSPARRF;LLSQLYHSPARRFGG","B5DF91","197;200;202","B5DF91_S197;B5DF91_Y200;B5DF91_S202"
"NMALLSQLYHS#PAR","NMALLSQLYHSPAR","11","11","S","LLSQLYHSPARRFGG","B5DF91","202","B5DF91_S202"
"KDS#IS#EDEMVLR","KDSISEDEMVLR","3;5","3;5","S;S","RSTSRKDSISEDEMV;TSRKDSISEDEMVLR","D4A7Z0","510;512","D4A7Z0_S510;D4A7Z0_S512"
"SAEAYS#PVANTWR","SAEAYSPVANTWR","6","6","S","LRSAEAYSPVANTWR","Q6JEL3","501","Q6JEL3_S501"
"VMLLADS#S#EDEF","VMLLADSSEDEF","7;8","7;8","S;S","RVMLLADSSEDEF__;VMLLADSSEDEF___","A0A8I6GIE0","858;859","A0A8I6GIE0_S858;A0A8I6GIE0_S859"
"PAQT#PVLT#S#PAPADSTPGDSSR","PAQTPVLTSPAPADSTPGDSSR","4;8;9","4;8;9","T;T;S","PAEKPAQTPVLTSPA;PAQTPVLTSPAPADS;AQTPVLTSPAPADST","Q4KMA2","155;159;160","Q4KMA2_T155;Q4KMA2_T159;Q4KMA2_S160"
"PAQTPVLT#S#PAPADSTPGDSSR","PAQTPVLTSPAPADSTPGDSSR","8;9","8;9","T;S","PAQTPVLTSPAPADS;AQTPVLTSPAPADST","Q4KMA2","159;160","Q4KMA2_T159;Q4KMA2_S160"
"PAQTPVLT#S#PAPADS#T#PGDSSR","PAQTPVLTSPAPADSTPGDSSR","8;9;15;16","8;9;15;16","T;S;S;T","PAQTPVLTSPAPADS;AQTPVLTSPAPADST;TSPAPADSTPGDSSR;SPAPADSTPGDSSRS","Q4KMA2","159;160;166;167","Q4KMA2_T159;Q4KMA2_S160;Q4KMA2_S166;Q4KMA2_T167"
"PAQTPVLTSPAPADS#T#PGDS#S#R","PAQTPVLTSPAPADSTPGDSSR","15;16;20;21","15;16;20;21","S;T;S;S","TSPAPADSTPGDSSR;SPAPADSTPGDSSRS;ADSTPGDSSRSNLFE;DSTPGDSSRSNLFED","Q4KMA2","166;167;171;172","Q4KMA2_S166;Q4KMA2_T167;Q4KMA2_S171;Q4KMA2_S172"
"PAQTPVLTSPAPADSTPGDS#S#R","PAQTPVLTSPAPADSTPGDSSR","20;21","20;21","S;S","ADSTPGDSSRSNLFE;DSTPGDSSRSNLFED","Q4KMA2","171;172","Q4KMA2_S171;Q4KMA2_S172"
"NTVNGTGT#PVHISTLQVGETR","NTVNGTGTPVHISTLQVGETR","8","8","T","NTVNGTGTPVHISTL","P20781","391","P20781_T391"
"RT#S#PVQT#R","RTSPVQTR","2;3;7","2;3;7","T;S;T","RLTVGRRTSPVQTRE;LTVGRRTSPVQTREQ;RRTSPVQTREQSEEQ","Q924K2","268;269;273","Q924K2_T268;Q924K2_S269;Q924K2_T273"
"S#PMMPENAENEGDALLQFTAEFSSR","SPMMPENAENEGDALLQFTAEFSSR","1","1","S","ASSTMRKSPMMPENA","Q924K2","319","Q924K2_S319"
"TPS#GEFLER","TPSGEFLER","3","3","S","KLRIRTPSGEFLERR","Q924K2","581","Q924K2_S581"
"GVGDDQLGEES#EERDDHLLPM","GVGDDQLGEESEERDDHLLPM","11","11","S","DDQLGEESEERDDHL","Q6AY20","268","Q6AY20_S268"
"NAS#VPNLR","NASVPNLR","3","3","S","IVMQRNASVPNLRGS","Q5XII9","100","Q5XII9_S100"
"AS#S#FADMMGILK","ASSFADMMGILK","2;3","2;3","S;S","CISLSKASSFADMMG;ISLSKASSFADMMGI","Q5XII9","234;235","Q5XII9_S234;Q5XII9_S235"
"ASS#FADMMGILK","ASSFADMMGILK","3","3","S","ISLSKASSFADMMGI","Q5XII9","235","Q5XII9_S235"
"INVYYNEAT#GNK","INVYYNEATGNK","9","9","T","NVYYNEATGNKYVPR","Q3KRE8","55","Q3KRE8_T55"
"INVYYNEAT#GGNYVPR","INVYYNEATGGNYVPR","9","9","T","NVYYNEATGGNYVPR","B4F7C2","55","B4F7C2_T55"
"RGS#WDS#LPDTSSTDR","RGSWDSLPDTSSTDR","3;6","3;6","S;S","PERSRRGSWDSLPDT;SRRGSWDSLPDTSST","D4A8G3","126;129","D4A8G3_S126;D4A8G3_S129"
"S#RNNILR","SRNNILR","1","1","S","DLPPSHKSRNNILRT","P41565","130","P41565_S130"
"ENT#EGEY#S#S#LEHES#VAGVVES#LK","ENTEGEYSSLEHESVAGVVESLK","3;7;8;9;14;21","3;7;8;9;14;21","T;Y;S;S;S;S","ILIVRENTEGEYSSL;RENTEGEYSSLEHES;ENTEGEYSSLEHESV;NTEGEYSSLEHESVA;YSSLEHESVAGVVES;SVAGVVESLKIITKA","P41565","170;174;175;176;181;188","P41565_T170;P41565_Y174;P41565_S175;P41565_S176;P41565_S181;P41565_S188"
"TVAISDAAQLPQDY#CT#T#PGGT#LFS#T#T#PGGT#R","TVAISDAAQLPQDYCTTPGGTLFSTTPGGTR","14;16;17;21;24;25;26;30","14;16;17;21;24;25;26;30","Y;T;T;T;S;T;T;T","AAQLPQDYCTTPGGT;QLPQDYCTTPGGTLF;LPQDYCTTPGGTLFS;YCTTPGGTLFSTTPG;TPGGTLFSTTPGGTR;PGGTLFSTTPGGTRI;GGTLFSTTPGGTRII;FSTTPGGTRIIYDRK","A0A8I6A0I3","34;36;37;41;44;45;46;50","A0A8I6A0I3_Y34;A0A8I6A0I3_T36;A0A8I6A0I3_T37;A0A8I6A0I3_T41;A0A8I6A0I3_S44;A0A8I6A0I3_T45;A0A8I6A0I3_T46;A0A8I6A0I3_T50"
"TVAISDAAQLPQDYCTTPGGTLFS#T#T#PGGT#R","TVAISDAAQLPQDYCTTPGGTLFSTTPGGTR","24;25;26;30","24;25;26;30","S;T;T;T","TPGGTLFSTTPGGTR;PGGTLFSTTPGGTRI;GGTLFSTTPGGTRII;FSTTPGGTRIIYDRK","A0A8I6A0I3","44;45;46;50","A0A8I6A0I3_S44;A0A8I6A0I3_T45;A0A8I6A0I3_T46;A0A8I6A0I3_T50"
"TVAISDAAQLPQDY#CT#T#PGGTLFS#T#T#PGGT#R","TVAISDAAQLPQDYCTTPGGTLFSTTPGGTR","14;16;17;24;25;26;30","14;16;17;24;25;26;30","Y;T;T;S;T;T;T","AAQLPQDYCTTPGGT;QLPQDYCTTPGGTLF;LPQDYCTTPGGTLFS;TPGGTLFSTTPGGTR;PGGTLFSTTPGGTRI;GGTLFSTTPGGTRII;FSTTPGGTRIIYDRK","A0A8I6A0I3","34;36;37;44;45;46;50","A0A8I6A0I3_Y34;A0A8I6A0I3_T36;A0A8I6A0I3_T37;A0A8I6A0I3_S44;A0A8I6A0I3_T45;A0A8I6A0I3_T46;A0A8I6A0I3_T50"
"RS#FAT#EK","RSFATEK","2;5","2;5","S;T","CNQNPRRSFATEKRV;NPRRSFATEKRVRNL","D3ZM09","33;36","D3ZM09_S33;D3ZM09_T36"
"S#KS#PVLHPPK","SKSPVLHPPK","1;3","1;3","S;S","RIQRRRRSKSPVLHP;QRRRRSKSPVLHPPK","Q703I1","82;84","Q703I1_S82;Q703I1_S84"
"RHES#LT#SLNLER","RHESLTSLNLER","4;6","4;6","S;T","KAAKRHESLTSLNLE;AKRHESLTSLNLERK","Q4QQV3","132;134","Q4QQV3_S132;Q4QQV3_T134"
"GAY#SLSIR","GAYSLSIR","3","3","Y","SETTKGAYSLSIRDW::SETTKGAYSLSIRDW::SETTKGAYSLSIRDW","Q62844::F1LM93::Q6P6U0","185::192::168","Q62844_Y185::F1LM93_Y192::Q6P6U0_Y168"
"GAYS#LSIR","GAYSLSIR","4","4","S","ETTKGAYSLSIRDWD::ETTKGAYSLSIRDWD::ETTKGAYSLSIRDWD","Q62844::F1LM93::Q6P6U0","186::193::169","Q62844_S186::F1LM93_S193::Q6P6U0_S169"
"LDNGGY#Y#ITTR","LDNGGYYITTR","6;7","6;7","Y;Y","RKLDNGGYYITTRAQ;KLDNGGYYITTRAQF::RKLDNGGYYITTRAQ;KLDNGGYYITTRAQF","Q62844::F1LM93","213;214::220;221","Q62844_Y213;Q62844_Y214::F1LM93_Y220;F1LM93_Y221"
"KDPDERPTFEYIQSFLEDYFTATEPQY#QPGENL","KDPDERPTFEYIQSFLEDYFTATEPQYQPGENL","27","27","Y","FTATEPQYQPGENL_","F1LM93","535","F1LM93_Y535"
"GGAAS#GS#DS#ADK","GGAASGSDSADK","5;7;9","5;7;9","S;S;S","ELRGGAASGSDSADK;RGGAASGSDSADKKS;GAASGSDSADKKSQG::LTRGGAASGSDSADK;RGGAASGSDSADKKS;GAASGSDSADKKSQG","M0RCP9::A0A8I6GE67","30;32;34::14;16;18","M0RCP9_S30;M0RCP9_S32;M0RCP9_S34::A0A8I6GE67_S14;A0A8I6GE67_S16;A0A8I6GE67_S18"
"SGDHLHNDS#QIEADFR","SGDHLHNDSQIEADFR","9","9","S","GDHLHNDSQIEADFR","Q9WUL0","10","Q9WUL0_S10"
"ENGFSS#PPR","ENGFSSPPR","6","6","S","EKENGFSSPPRIKDE","Q9WUL0","114","Q9WUL0_S114"
"T#VGHLEK","TVGHLEK","1","1","T","PGWYYLKTVGHLEKG","A0A8I6AML4","360","A0A8I6AML4_T360"
"NDSVIVADQT#PT#PT#R","NDSVIVADQTPTPTR","10;12;14","10;12;14","T;T;T","SVIVADQTPTPTRFL;IVADQTPTPTRFLKN;ADQTPTPTRFLKNCE","Q00969","51;53;55","Q00969_T51;Q00969_T53;Q00969_T55"
"NDSVIVADQTPT#PT#R","NDSVIVADQTPTPTR","12;14","12;14","T;T","IVADQTPTPTRFLKN;ADQTPTPTRFLKNCE","Q00969","53;55","Q00969_T53;Q00969_T55"
"KMPLDLS#PLATPIIR","KMPLDLSPLATPIIR","7","7","S","KKMPLDLSPLATPII","Q00969","94","Q00969_S94"
"RS#S#IS#T#VY#VDWPEPALTPAIK","RSSISTVYVDWPEPALTPAIK","2;3;5;6;8","2;3;5;6;8","S;S;S;T;Y","PPAGPRRSSISTVYV;PAGPRRSSISTVYVD;GPRRSSISTVYVDWP;PRRSSISTVYVDWPE;RSSISTVYVDWPEPA","Q497B5","203;204;206;207;209","Q497B5_S203;Q497B5_S204;Q497B5_S206;Q497B5_T207;Q497B5_Y209"
"DSLLAHS#S#DPVEMR","DSLLAHSSDPVEMR","7;8","7;8","S;S","KDSLLAHSSDPVEMR;DSLLAHSSDPVEMRR","Q64604","1301;1302","Q64604_S1301;Q64604_S1302"
"INHTVILDDPFDDPPDLLIPDRS#PEPTK","INHTVILDDPFDDPPDLLIPDRSPEPTK","23","23","S","DLLIPDRSPEPTKEQ","D4AEG3","176","D4AEG3_S176"
"INHTVILDDPFDDPPDLLIPDRS#PEPT#K","INHTVILDDPFDDPPDLLIPDRSPEPTK","23;27","23;27","S;T","DLLIPDRSPEPTKEQ;PDRSPEPTKEQLDSG","D4AEG3","176;180","D4AEG3_S176;D4AEG3_T180"
"PS#LPPK","PSLPPK","2","2","S","LAVQGLPSLPPKRQT::GSKTKSPSLPPKGKK","D3ZEM8::D4A9V6","194::287","D3ZEM8_S194::D4A9V6_S287"
"FT#LIDGIR","FTLIDGIR","2","2","T","GKVHEKFTLIDGIRV","D4ABG0","243","D4ABG0_T243"
"S#GFLEGSR","SGFLEGSR","1","1","S","______MSGFLEGSR","A0A8I6GIQ1","2","A0A8I6GIQ1_S2"
"S#YAEKPDEITK","SYAEKPDEITK","1","1","S","______MSYAEKPDE","Q6YDN8","2","Q6YDN8_S2"
"LS#DSYDR","LSDSYDR","2","2","S","RKLLVRLSDSYDRSF::ESERKLLSDSYDRLL","Q68G31::A0A8I6A160","166::332","Q68G31_S166::A0A8I6A160_S332"
"VTETEDDS#DS#DS#DDDEDDVHVTIGDIK","VTETEDDSDSDSDDDEDDVHVTIGDIK","8;10;12","8;10;12","S;S;S","VTETEDDSDSDSDDD;ETEDDSDSDSDDDED;EDDSDSDSDDDEDDV","Q5U317","84;86;88","Q5U317_S84;Q5U317_S86;Q5U317_S88"
"VTET#EDDS#DS#DS#DDDEDDVHVTIGDIK","VTETEDDSDSDSDDDEDDVHVTIGDIK","4;8;10;12","4;8;10;12","T;S;S;S","AKPKVTETEDDSDSD;VTETEDDSDSDSDDD;ETEDDSDSDSDDDED;EDDSDSDSDDDEDDV","Q5U317","80;84;86;88","Q5U317_T80;Q5U317_S84;Q5U317_S86;Q5U317_S88"
"AEFT#S#PPS#LFK","AEFTSPPSLFK","4;5;8","4;5;8","T;S;S","PSTKAEFTSPPSLFK;STKAEFTSPPSLFKT;AEFTSPPSLFKTGLP","Q5U317","234;235;238","Q5U317_T234;Q5U317_S235;Q5U317_S238"
"AEFTS#PPSLFK","AEFTSPPSLFK","5","5","S","STKAEFTSPPSLFKT","Q5U317","235","Q5U317_S235"
"DHS#PTPSVFNSDEER","DHSPTPSVFNSDEER","3","3","S","RERERDHSPTPSVFN","Q5U317","434","Q5U317_S434"
"DHS#PT#PS#VFNSDEER","DHSPTPSVFNSDEER","3;5;7","3;5;7","S;T;S","RERERDHSPTPSVFN;RERDHSPTPSVFNSD;RDHSPTPSVFNSDEE","Q5U317","434;436;438","Q5U317_S434;Q5U317_T436;Q5U317_S438"
"DHS#PT#PSVFNS#DEER","DHSPTPSVFNSDEER","3;5;11","3;5;11","S;T;S","RERERDHSPTPSVFN;RERDHSPTPSVFNSD;PTPSVFNSDEERYRY","Q5U317","434;436;442","Q5U317_S434;Q5U317_T436;Q5U317_S442"
"RRHES#EEGDSHR","RRHESEEGDSHR","5","5","S","NSRRRHESEEGDSHR","Q5U317","496","Q5U317_S496"
"LEWPLS#K","LEWPLSK","6","6","S","RRLEWPLSKVAEGVF","Q5I0D1","108","Q5I0D1_S108"
"FYLQDRS#PS#QSDPVLK","FYLQDRSPSQSDPVLK","7;9","7;9","S;S","KFYLQDRSPSQSDPV;YLQDRSPSQSDPVLK","Q5I0D1","131;133","Q5I0D1_S131;Q5I0D1_S133"
"YFQISQDEDGS#ESED","YFQISQDEDGSESED","11","11","S","ISQDEDGSESED___::ISQDEDGSESED___::ISQDEDGSESED___","B2RZD5::A0A0G2JZA6::D3ZSF9","118::118::118","B2RZD5_S118::A0A0G2JZA6_S118::D3ZSF9_S118"
"YFQIS#QDEDGS#ES#ED","YFQISQDEDGSESED","5;11;13","5;11;13","S;S;S","ELRYFQISQDEDGSE;ISQDEDGSESED___;QDEDGSESED_____::ELHYFQISQDEDGSE;ISQDEDGSESED___;QDEDGSESED_____::ELRYFQISQDEDGSE;ISQDEDGSESED___;QDEDGSESED_____","B2RZD5::A0A0G2JZA6::D3ZSF9","112;118;120::112;118;120::112;118;120","B2RZD5_S112;B2RZD5_S118;B2RZD5_S120::A0A0G2JZA6_S112;A0A0G2JZA6_S118;A0A0G2JZA6_S120::D3ZSF9_S112;D3ZSF9_S118;D3ZSF9_S120"
"SVPT#FT#VIPEGPRS#PS#PLMVVDNEEEPMEGVPLEQYR","SVPTFTVIPEGPRSPSPLMVVDNEEEPMEGVPLEQYR","4;6;14;16","4;6;14;16","T;T;S;S","LGTKSVPTFTVIPEG;TKSVPTFTVIPEGPR;VIPEGPRSPSPLMVV;PEGPRSPSPLMVVDN","F7FBV1","104;106;114;116","F7FBV1_T104;F7FBV1_T106;F7FBV1_S114;F7FBV1_S116"
"AWLDEDS#NLS#PS#PLR","AWLDEDSNLSPSPLR","7;10;12","7;10;12","S;S;S","RAWLDEDSNLSPSPL;LDEDSNLSPSPLRDL;EDSNLSPSPLRDLPG","F7FBV1","144;147;149","F7FBV1_S144;F7FBV1_S147;F7FBV1_S149"
"AWLDEDSNLS#PS#PLR","AWLDEDSNLSPSPLR","10;12","10;12","S;S","LDEDSNLSPSPLRDL;EDSNLSPSPLRDLPG","F7FBV1","147;149","F7FBV1_S147;F7FBV1_S149"
"LGGPEGPGS#PLLAT#","LGGPEGPGSPLLAT","9;14","9;14","S;T","GGPEGPGSPLLAT__;PGSPLLAT_______","F7FBV1","370;375","F7FBV1_S370;F7FBV1_T375"
"ANDHGYDNFRS#S#NK","ANDHGYDNFRSSNK","11;12","11;12","S;S","HGYDNFRSSNKYSSS;GYDNFRSSNKYSSS_","P21451","435;436","P21451_S435;P21451_S436"
"KLPFPLS#PS","KLPFPLSPS","7","7","S","KKLPFPLSPS_____","F1M147","311","F1M147_S311"
"AFHAALRNS#PINTK","AFHAALRNSPINTK","9","9","S","FHAALRNSPINTKNQ","A1L108","64","A1L108_S64"
"S#S#EIEQAVQSLDR","SSEIEQAVQSLDR","1;2","1;2","S;S","KVLTNFKSSEIEQAV;VLTNFKSSEIEQAVQ","A1L108","90;91","A1L108_S90;A1L108_S91"
"QVPDS#ASTATAYLCGVK","QVPDSASTATAYLCGVK","5","5","S","VDRQVPDSASTATAY::VDRQVPDSASTATAY","A0A0G2JZL2::P51740","111::111","A0A0G2JZL2_S111::P51740_S111"
"QVPDS#AS#T#ATAYLCGVK","QVPDSASTATAYLCGVK","5;7;8","5;7;8","S;S;T","VDRQVPDSASTATAY;RQVPDSASTATAYLC;QVPDSASTATAYLCG::VDRQVPDSASTATAY;RQVPDSASTATAYLC;QVPDSASTATAYLCG","A0A0G2JZL2::P51740","111;113;114::111;113;114","A0A0G2JZL2_S111;A0A0G2JZL2_S113;A0A0G2JZL2_T114::P51740_S111;P51740_S113;P51740_T114"
"QVPDS#AS#T#AT#AYLCGVK","QVPDSASTATAYLCGVK","5;7;8;10","5;7;8;10","S;S;T;T","VDRQVPDSASTATAY;RQVPDSASTATAYLC;QVPDSASTATAYLCG;PDSASTATAYLCGVK::VDRQVPDSASTATAY;RQVPDSASTATAYLC;QVPDSASTATAYLCG;PDSASTATAYLCGVK","A0A0G2JZL2::P51740","111;113;114;116::111;113;114;116","A0A0G2JZL2_S111;A0A0G2JZL2_S113;A0A0G2JZL2_T114;A0A0G2JZL2_T116::P51740_S111;P51740_S113;P51740_T114;P51740_T116"
"PTTQQS#PQDEQEK","PTTQQSPQDEQEK","6","6","S","_MPTTQQSPQDEQEK","G3V8A5","7","G3V8A5_S7"
"S#RRES#PES#EGPIYEGLIL","SRRESPESEGPIYEGLIL","1;5;8","1;5;8","S;S;S","NTLEHLRSRRESPES;HLRSRRESPESEGPI;SRRESPESEGPIYEG","G3V8A5","779;783;786","G3V8A5_S779;G3V8A5_S783;G3V8A5_S786"
"RES#PESEGPIYEGLIL","RESPESEGPIYEGLIL","3","3","S","HLRSRRESPESEGPI","G3V8A5","783","G3V8A5_S783"
"S#DLSLK","SDLSLK","1","1","S","GRRSRTKSDLSLKMY","Q9WTN5","767","Q9WTN5_S767"
"ADLEEQLS#DEEK","ADLEEQLSDEEK","8","8","S","ADLEEQLSDEEKVRI","Q3T1K5","9","Q3T1K5_S9"
"AGS#RLS#AEDR","AGSRLSAEDR","3;6","3;6","S;S","IARARAGSRLSAEDR;ARAGSRLSAEDRQRE","G3V7P1","139;142","G3V7P1_S139;G3V7P1_S142"
"AGSRLS#AEDR","AGSRLSAEDR","6","6","S","ARAGSRLSAEDRQRE","G3V7P1","142","G3V7P1_S142"
"T#PDYFL","TPDYFL","1","1","T","EPHVTRRTPDYFL__::EPHVTRRTPDYFL__::EPHVTRRTPDYFL__","A0A0G2JYA4::P63331::P62716","304::304::304","A0A0G2JYA4_T304::P63331_T304::P62716_T304"
"EEERPS#S#EDEIALHFEPPNAPLNR","EEERPSSEDEIALHFEPPNAPLNR","6;7","6;7","S;S","SKEEERPSSEDEIAL;KEEERPSSEDEIALH","B2GUV8","308;309","B2GUV8_S308;B2GUV8_S309"
"GLVSPQS#PQK","GLVSPQSPQK","7","7","S","KGLVSPQSPQKSDCQ","B2GUV8","334","B2GUV8_S334"
"FIVLNS#LNQNAKPEGS#EQAELGRLS#PR","FIVLNSLNQNAKPEGSEQAELGRLSPR","6;16;25","6;16;25","S;S;S","YKFIVLNSLNQNAKP;QNAKPEGSEQAELGR;QAELGRLSPRAYPAP","B2GUV8","386;396;405","B2GUV8_S386;B2GUV8_S396;B2GUV8_S405"
"SLAGS#PR","SLAGSPR","5","5","S","VNRSLAGSPRSSSES","B2GUV8","458","B2GUV8_S458"
"S#PGS#PLPPLPEDGEGSEVINSK","SPGSPLPPLPEDGEGSEVINSK","1;4","1;4","S;S","TVRERERSPGSPLPP;ERERSPGSPLPPLPE","D4A503","123;126","D4A503_S123;D4A503_S126"
"TYS#LS#PR","TYSLSPR","3;5","3;5","S;S","MSRHKTYSLSPRDCL;RHKTYSLSPRDCLKT","A0A8I6G409","264;266","A0A8I6G409_S264;A0A8I6G409_S266"
"KMS#GGS#T#MS#SGGGNTNNSNSK","KMSGGSTMSSGGGNTNNSNSK","3;6;7;9","3;6;7;9","S;S;T;S","KRRKRKMSGGSTMSS;KRKMSGGSTMSSGGG;RKMSGGSTMSSGGGN;MSGGSTMSSGGGNTN","A0A8I6G409","303;306;307;309","A0A8I6G409_S303;A0A8I6G409_S306;A0A8I6G409_T307;A0A8I6G409_S309"
"LTVVS#PNR","LTVVSPNR","5","5","S","PPRLTVVSPNRATST","D3ZK25","167","D3ZK25_S167"
"IFSLNEGY#AK","IFSLNEGYAK","8","8","Y","IFSLNEGYAKYFDAA","Q9Z1N1","216","Q9Z1N1_Y216"
"Y#FDAATAEYVQK","YFDAATAEYVQK","1","1","Y","LNEGYAKYFDAATAE","Q9Z1N1","219","Q9Z1N1_Y219"
"ALVKT#R","ALVKTR","5","5","T","SSRALVKTRGTRPFV","Q6P7A9","590","Q6P7A9_T590"
"S#ADEVLFSGVK","SADEVLFSGVK","1","1","S","FFKSVVKSADEVLFS","B1H267","193","B1H267_S193"
"S#LSHLYR","SLSHLYR","1","1","S","______MSLSHLYRD","Q5U2Y6","2","Q5U2Y6_S2"
"EEATYGVWAERDS#DEERPS#FGGK","EEATYGVWAERDSDEERPSFGGK","13;19","13;19","S;S","GVWAERDSDEERPSF;DSDEERPSFGGKRAR","Q5U2Y6","59;65","Q5U2Y6_S59;Q5U2Y6_S65"
"KGAAEEADS#EDS#DAEEKPVK","KGAAEEADSEDSDAEEKPVK","9;12","9;12","S;S","GAAEEADSEDSDAEE;EEADSEDSDAEEKPV","Q5U2Y6","95;98","Q5U2Y6_S95;Q5U2Y6_S98"
"T#T#QS#LQDFPVADS#EEEAEEEFQK","TTQSLQDFPVADSEEEAEEEFQK","1;2;4;13","1;2;4;13","T;T;S;S","GAYGSERTTQSLQDF;AYGSERTTQSLQDFP;GSERTTQSLQDFPVA;QDFPVADSEEEAEEE","Q5U2Y6","198;199;201;210","Q5U2Y6_T198;Q5U2Y6_T199;Q5U2Y6_S201;Q5U2Y6_S210"
"TTQSLQDFPVADS#EEEAEEEFQK","TTQSLQDFPVADSEEEAEEEFQK","13","13","S","QDFPVADSEEEAEEE","Q5U2Y6","210","Q5U2Y6_S210"
"GKAS#PFEEDQNR","GKASPFEEDQNR","4","4","S","GDQKGKASPFEEDQN","A0A0G2K8F9","136","A0A0G2K8F9_S136"
"QAS#PTEVVER","QASPTEVVER","3","3","S","TPGSRQASPTEVVER","A0A0G2K8F9","181","A0A0G2K8F9_S181"
"QAS#PT#EVVER","QASPTEVVER","3;5","3;5","S;T","TPGSRQASPTEVVER;GSRQASPTEVVERLG","A0A0G2K8F9","181;183","A0A0G2K8F9_S181;A0A0G2K8F9_T183"
"FS#IGQR","FSIGQR","2","2","S","PFEFPRFSIGQRVFI","Q8VHZ8","608","Q8VHZ8_S608"
"EWPVSSFNRPFPNS#P","EWPVSSFNRPFPNSP","14","14","S","FNRPFPNSP______","D4A3I3","274","D4A3I3_S274"
"ISVYYNEAS#S#HK","ISVYYNEASSHK","9;10","9;10","S;S","SVYYNEASSHKYVPR;VYYNEASSHKYVPRA","Q4QRB4","55;56","Q4QRB4_S55;Q4QRB4_S56"
"SAYFS#DEEELS#D","SAYFSDEEELSD","5;11","5;11","S;S","IKKSAYFSDEEELSD;FSDEEELSD______","Q499V6","210;216","Q499V6_S210;Q499V6_S216"
"LKIS#PEQHWDFTAEDLK","LKISPEQHWDFTAEDLK","4","4","S","SSGKLKISPEQHWDF","S4VP54","99","S4VP54_S99"
"ILDQMPAT#PS#S#PMYVD","ILDQMPATPSSPMYVD","8;10;11","8;10;11","T;S;S","ILDQMPATPSSPMYV;DQMPATPSSPMYVD_;QMPATPSSPMYVD__","S4VP54","400;402;403","S4VP54_T400;S4VP54_S402;S4VP54_S403"
"ILDQMPAT#PS#S#PMY#VD","ILDQMPATPSSPMYVD","8;10;11;14","8;10;11;14","T;S;S;Y","ILDQMPATPSSPMYV;DQMPATPSSPMYVD_;QMPATPSSPMYVD__;ATPSSPMYVD_____","S4VP54","400;402;403;406","S4VP54_T400;S4VP54_S402;S4VP54_S403;S4VP54_Y406"
"LSLWWLLS#R","LSLWWLLSR","8","8","S","LSLWWLLSRVCLLLP","Q9R1M7","11","Q9R1M7_S11"
"S#QERPTFYR","SQERPTFYR","1","1","S","______MSQERPTFY","P70618","2","P70618_S2"
"HT#DDEMT#GYVATR","HTDDEMTGYVATR","2;7","2;7","T;T","DFGLARHTDDEMTGY;RHTDDEMTGYVATRW","P70618","175;180","P70618_T175;P70618_T180"
"HTDDEMTGY#VATR","HTDDEMTGYVATR","9","9","Y","TDDEMTGYVATRWYR","P70618","182","P70618_Y182"
"HTDDEMT#GY#VAT#R","HTDDEMTGYVATR","7;9;12","7;9;12","T;Y;T","RHTDDEMTGYVATRW;TDDEMTGYVATRWYR;EMTGYVATRWYRAPE","P70618","180;182;185","P70618_T180;P70618_Y182;P70618_T185"
"GS#LS#LS#FER","GSLSLSFER","2;4;6","2;4;6","S;S;S","SAFSSRGSLSLSFER;FSSRGSLSLSFEREA;SRGSLSLSFEREAST","D4AAK5","388;390;392","D4AAK5_S388;D4AAK5_S390;D4AAK5_S392"
"ELS#AERPLNEQIAEAEADK","ELSAERPLNEQIAEAEADK","3","3","S","SLHNRELSAERPLNE","P47868","40","P47868_S40"
"IAIY#ELLFK","IAIYELLFK","4","4","Y","KKNRIAIYELLFKEG::KKNQIAIYELLFKEG::KKNRIAIYELLFKEG::KKNRIAIYELLFKEG::KKNRIAIYELLFKEG::KKNQIAIYELLFKEG::KKNRIAIYELLFKEG","F1LT36::D3ZH53::D3ZCN9::D3ZJY5::Q7TP86::D4A5N7::P63326","12::12::12::12::107::12::12","F1LT36_Y12::D3ZH53_Y12::D3ZCN9_Y12::D3ZJY5_Y12::Q7TP86_Y107::D4A5N7_Y12::P63326_Y12"
"AEAGAGS#ATEFQFR","AEAGAGSATEFQFR","7","7","S","KAEAGAGSATEFQFR::KAEAGAGSATEFQFR","D3ZH53::P63326","142::146","D3ZH53_S142::P63326_S146"
"EEAWALLVDES#PQK","EEAWALLVDESPQK","11","11","S","WALLVDESPQKALDS","A0A8I5ZVE8","214","A0A8I5ZVE8_S214"
"EALVSQPS#S#PGLLQSLLER","EALVSQPSSPGLLQSLLER","8;9","8;9","S;S","EALVSQPSSPGLLQS;ALVSQPSSPGLLQSL","A0A0G2K1H0","896;897","A0A0G2K1H0_S896;A0A0G2K1H0_S897"
"VSEEDQS#LENSEADVK","VSEEDQSLENSEADVK","7","7","S","KVSEEDQSLENSEAD","Q9ESR9","1327","Q9ESR9_S1327"
"VSEEDQS#LENS#EADVK","VSEEDQSLENSEADVK","7;11","7;11","S;S","KVSEEDQSLENSEAD;EDQSLENSEADVKES","Q9ESR9","1327;1331","Q9ESR9_S1327;Q9ESR9_S1331"
"ALVADEPEDLDT#EDEGLISFEEER","ALVADEPEDLDTEDEGLISFEEER","12","12","T","DEPEDLDTEDEGLIS","Q9ESR9","2411","Q9ESR9_T2411"
"WNT#DS#VEEFLSEK","WNTDSVEEFLSEK","3;5","3;5","T;S","LSILKWNTDSVEEFL;ILKWNTDSVEEFLSE","Q923V8","148;150","Q923V8_T148;Q923V8_S150"
"DAAQS#S#PAFGDR","DAAQSSPAFGDR","5;6","5;6","S;S","PFRDAAQSSPAFGDR;FRDAAQSSPAFGDRR","P06214","214;215","P06214_S214;P06214_S215"
"MGS#AHPR","MGSAHPR","3","3","S","_____MGSAHPRPWL","D3ZRW5","3","D3ZRW5_S3"
"FFS#S#KT#T#AAHS#LVGTPYYMSPER","FFSSKTTAAHSLVGTPYYMSPER","3;4;6;7;11","3;4;6;7;11","S;S;T;T;S","LGLGRFFSSKTTAAH;GLGRFFSSKTTAAHS;GRFFSSKTTAAHSLV;RFFSSKTTAAHSLVG;SKTTAAHSLVGTPYY","D3ZBE5","187;188;190;191;195","D3ZBE5_S187;D3ZBE5_S188;D3ZBE5_T190;D3ZBE5_T191;D3ZBE5_S195"
"T#T#AAHS#LVGTPYYMSPER","TTAAHSLVGTPYYMSPER","1;2;6","1;2;6","T;T;S","GRFFSSETTAAHSLV;RFFSSETTAAHSLVG;SETTAAHSLVGTPYY::GRFFSSKTTAAHSLV;RFFSSKTTAAHSLVG;SKTTAAHSLVGTPYY","P59895::D3ZBE5","201;202;206::190;191;195","P59895_T201;P59895_T202;P59895_S206::D3ZBE5_T190;D3ZBE5_T191;D3ZBE5_S195"
"ALMT#LK","ALMTLK","4","4","T","EAAEALMTLKNSSWN","A0A8I6GKM7","267","A0A8I6GKM7_T267"
"EAANEAGDS#S#QDEAEEDVK","EAANEAGDSSQDEAEEDVK","9;10","9;10","S;S","AANEAGDSSQDEAEE;ANEAGDSSQDEAEED","D3ZP45","161;162","D3ZP45_S161;D3ZP45_S162"
"S#AKDS#DDEEEVVHVDR","SAKDSDDEEEVVHVDR","1;5","1;5","S;S","DRTQELRSAKDSDDE;ELRSAKDSDDEEEVV","P61265","10;14","P61265_S10;P61265_S14"
"SAKDS#DDEEEVVHVDR","SAKDSDDEEEVVHVDR","5","5","S","ELRSAKDSDDEEEVV","P61265","14","P61265_S14"
"T#T#T#NEELEDMLESGK","TTTNEELEDMLESGK","1;2;3","1;2;3","T;T;T","QLEITGRTTTNEELE;LEITGRTTTNEELED;EITGRTTTNEELEDM","P61265","158;159;160","P61265_T158;P61265_T159;P61265_T160"
"AEESEPLPSCPGS#PPLPDDLQPLDCK","AEESEPLPSCPGSPPLPDDLQPLDCK","13","13","S","PLPSCPGSPPLPDDL","B5DF66","106","B5DF66_S106"
"SPLLS#AS#HS#GNVT#PT#APPYLQESSPR","SPLLSASHSGNVTPTAPPYLQESSPR","5;7;9;13;15","5;7;9;13;15","S;S;S;T;T","DERSPLLSASHSGNV;RSPLLSASHSGNVTP;PLLSASHSGNVTPTA;ASHSGNVTPTAPPYL;HSGNVTPTAPPYLQE","Q4V888","14;16;18;22;24","Q4V888_S14;Q4V888_S16;Q4V888_S18;Q4V888_T22;Q4V888_T24"
"SPLLSASHSGNVT#PTAPPYLQES#S#PR","SPLLSASHSGNVTPTAPPYLQESSPR","13;23;24","13;23;24","T;S;S","ASHSGNVTPTAPPYL;APPYLQESSPRAELP;PPYLQESSPRAELPP","Q4V888","22;32;33","Q4V888_T22;Q4V888_S32;Q4V888_S33"
"SPLLS#AS#HS#GNVT#PT#APPY#LQES#S#PR","SPLLSASHSGNVTPTAPPYLQESSPR","5;7;9;13;15;19;23;24","5;7;9;13;15;19;23;24","S;S;S;T;T;Y;S;S","DERSPLLSASHSGNV;RSPLLSASHSGNVTP;PLLSASHSGNVTPTA;ASHSGNVTPTAPPYL;HSGNVTPTAPPYLQE;VTPTAPPYLQESSPR;APPYLQESSPRAELP;PPYLQESSPRAELPP","Q4V888","14;16;18;22;24;28;32;33","Q4V888_S14;Q4V888_S16;Q4V888_S18;Q4V888_T22;Q4V888_T24;Q4V888_Y28;Q4V888_S32;Q4V888_S33"
"S#DRGS#GQGDSLYPVGYLDK","SDRGSGQGDSLYPVGYLDK","1;5","1;5","S;S","GGGSRGRSDRGSGQG;RGRSDRGSGQGDSLY","D4A0W1","32;36","D4A0W1_S32;D4A0W1_S36"
"S#DRGS#GQGDS#LYPVGYLDK","SDRGSGQGDSLYPVGYLDK","1;5;10","1;5;10","S;S;S","GGGSRGRSDRGSGQG;RGRSDRGSGQGDSLY;RGSGQGDSLYPVGYL","D4A0W1","32;36;41","D4A0W1_S32;D4A0W1_S36;D4A0W1_S41"
"AWALFPPS#DDY#DDT#DDDDPFNPQESK","AWALFPPSDDYDDTDDDDPFNPQESK","8;11;14","8;11;14","S;Y;T","AWALFPPSDDYDDTD;LFPPSDDYDDTDDDD;PSDDYDDTDDDDPFN","P0C5X8","423;426;429","P0C5X8_S423;P0C5X8_Y426;P0C5X8_T429"
"FVQWQS#S#I","FVQWQSSI","6;7","6;7","S;S","KRFVQWQSSI_____;RFVQWQSSI______","P0C5X8","448;449","P0C5X8_S448;P0C5X8_S449"
"RFVQWQSS#I","RFVQWQSSI","8","8","S","RFVQWQSSI______","P0C5X8","449","P0C5X8_S449"
"SHGS#GLVR","SHGSGLVR","4","4","S","___MSHGSGLVRTTC","A0A8I6A7G4","5","A0A8I6A7G4_S5"
"GGHINDGFLTEDERLT#PL","GGHINDGFLTEDERLTPL","16","16","T","LTEDERLTPL_____","Q9ESG3","220","Q9ESG3_T220"
"NS#NS#Y#GIPEPAHAY#AQPQT#T#T#PLPT#VASTPGAAINPLPSTQNGPVFAK","NSNSYGIPEPAHAYAQPQTTTPLPTVASTPGAAINPLPSTQNGPVFAK","2;4;5;14;19;20;21;25","2;4;5;14;19;20;21;25","S;S;Y;Y;T;T;T;T","GKHGNRNSNSYGIPE;HGNRNSNSYGIPEPA;GNRNSNSYGIPEPAH;IPEPAHAYAQPQTTT;HAYAQPQTTTPLPTV;AYAQPQTTTPLPTVA;YAQPQTTTPLPTVAS;QTTTPLPTVASTPGA","Q5U2U2","195;197;198;207;212;213;214;218","Q5U2U2_S195;Q5U2U2_S197;Q5U2U2_Y198;Q5U2U2_Y207;Q5U2U2_T212;Q5U2U2_T213;Q5U2U2_T214;Q5U2U2_T218"
"NSNSYGIPEPAHAY#AQPQT#TTPLPTVASTPGAAINPLPSTQNGPVFAK","NSNSYGIPEPAHAYAQPQTTTPLPTVASTPGAAINPLPSTQNGPVFAK","14;19","14;19","Y;T","IPEPAHAYAQPQTTT;HAYAQPQTTTPLPTV","Q5U2U2","207;212","Q5U2U2_Y207;Q5U2U2_T212"
"S#T#ELVLSPDMPR","STELVLSPDMPR","1;2","1;2","S;T","EKADMKRSTELVLSP;KADMKRSTELVLSPD","D3ZHK4","237;238","D3ZHK4_S237;D3ZHK4_T238"
"STELVLS#PDMPR","STELVLSPDMPR","7","7","S","RSTELVLSPDMPRTT","D3ZHK4","243","D3ZHK4_S243"
"AAQS#LDEMSQTITDLLNEQK","AAQSLDEMSQTITDLLNEQK","4","4","S","NLVKAAQSLDEMSQT","D3ZHK4","623","D3ZHK4_S623"
"VSTSQAS#PQSAASPR","VSTSQASPQSAASPR","7","7","S","KVSTSQASPQSAASP","D3ZHK4","646","D3ZHK4_S646"
"IESTTGIT#T#T#T#S#PK","IESTTGITTTTSPK","8;9;10;11;12","8;9;10;11;12","T;T;T;T;S","IESTTGITTTTSPKA;ESTTGITTTTSPKAP;STTGITTTTSPKAPP;TTGITTTTSPKAPPP;TGITTTTSPKAPPPL","D3ZHK4","662;663;664;665;666","D3ZHK4_T662;D3ZHK4_T663;D3ZHK4_T664;D3ZHK4_T665;D3ZHK4_S666"
"IESTTGITTTT#S#PK","IESTTGITTTTSPK","11;12","11;12","T;S","TTGITTTTSPKAPPP;TGITTTTSPKAPPPL","D3ZHK4","665;666","D3ZHK4_T665;D3ZHK4_S666"
"RLS#QQSASGAPVLLR","RLSQQSASGAPVLLR","3","3","S","RVAGRRLSQQSASGA","B0BNJ4","14","B0BNJ4_S14"
"RLS#QQS#AS#GAPVLLR","RLSQQSASGAPVLLR","3;6;8","3;6;8","S;S;S","RVAGRRLSQQSASGA;GRRLSQQSASGAPVL;RLSQQSASGAPVLLR","B0BNJ4","14;17;19","B0BNJ4_S14;B0BNJ4_S17;B0BNJ4_S19"
"S#FQDYTGQK","SFQDYTGQK","1","1","S","QEERRRRSFQDYTGQ","D3ZCQ7","114","D3ZCQ7_S114"
"LFNLS#K","LFNLSK","5","5","S","ASSLFNLSKEDDVVR::IRKLFNLSKEDDVRQ","A0A8I6A7W5::P62755","118::148","A0A8I6A7W5_S118::P62755_S148"
"RLS#S#LR","RLSSLR","3;4","3;4","S;S","TEAVERLSSLRTKAM;EAVERLSSLRTKAMR::KDPEIRLSSLRDIQS;DPEIRLSSLRDIQSM::RYYEKRLSSLRMKTR;YYEKRLSSLRMKTRA::IAKRRRLSSLRASIS;AKRRRLSSLRASISK::IAKRRRLSSLRASTS;AKRRRLSSLRASTSK::VEGDKRLSSLRRCCA;EGDKRLSSLRRCCAL::QRFRKRLSSLRRVVG;RFRKRLSSLRRVVGG","A0A0G2K012::A0A0G2JWX7::D4A009::A0A8I6A7W5::P62755::D4ADZ0::D3ZTE0","395;396::272;273::583;584::200;201::235;236::378;379::349;350","A0A0G2K012_S395;A0A0G2K012_S396::A0A0G2JWX7_S272;A0A0G2JWX7_S273::D4A009_S583;D4A009_S584::A0A8I6A7W5_S200;A0A8I6A7W5_S201::P62755_S235;P62755_S236::D4ADZ0_S378;D4ADZ0_S379::D3ZTE0_S349;D3ZTE0_S350"
"LSS#LRASTSK","LSSLRASTSK","3","3","S","AKRRRLSSLRASTSK::SRIRKLSSLRASTSK","P62755::A0A8I5ZRX3","236::79","P62755_S236::A0A8I5ZRX3_S79"
"LSSLRAS#T#SK","LSSLRASTSK","7;8","7;8","S;T","RLSSLRASTSKSESS;LSSLRASTSKSESSQ::KLSSLRASTSKSESS;LSSLRASTSKSESSQ","P62755::A0A8I5ZRX3","240;241::83;84","P62755_S240;P62755_T241::A0A8I5ZRX3_S83;A0A8I5ZRX3_T84"
"LS#S#LRAS#T#S#K","LSSLRASTSK","2;3;7;8;9","2;3;7;8;9","S;S;S;T;S","IAKRRRLSSLRASTS;AKRRRLSSLRASTSK;RLSSLRASTSKSESS;LSSLRASTSKSESSQ;SSLRASTSKSESSQK::ASRIRKLSSLRASTS;SRIRKLSSLRASTSK;KLSSLRASTSKSESS;LSSLRASTSKSESSQ;SSLRASTSKSESSQK","P62755::A0A8I5ZRX3","235;236;240;241;242::78;79;83;84;85","P62755_S235;P62755_S236;P62755_S240;P62755_T241;P62755_S242::A0A8I5ZRX3_S78;A0A8I5ZRX3_S79;A0A8I5ZRX3_S83;A0A8I5ZRX3_T84;A0A8I5ZRX3_S85"
"LSS#LRAS#T#S#K","LSSLRASTSK","3;7;8;9","3;7;8;9","S;S;T;S","AKRRRLSSLRASTSK;RLSSLRASTSKSESS;LSSLRASTSKSESSQ;SSLRASTSKSESSQK::SRIRKLSSLRASTSK;KLSSLRASTSKSESS;LSSLRASTSKSESSQ;SSLRASTSKSESSQK","P62755::A0A8I5ZRX3","236;240;241;242::79;83;84;85","P62755_S236;P62755_S240;P62755_T241;P62755_S242::A0A8I5ZRX3_S79;A0A8I5ZRX3_S83;A0A8I5ZRX3_T84;A0A8I5ZRX3_S85"
"LSS#LRAS#T#S#KS#ES#SQK","LSSLRASTSKSESSQK","3;7;8;9;11;13","3;7;8;9;11;13","S;S;T;S;S;S","AKRRRLSSLRASTSK;RLSSLRASTSKSESS;LSSLRASTSKSESSQ;SSLRASTSKSESSQK;LRASTSKSESSQK__;ASTSKSESSQK____::SRIRKLSSLRASTSK;KLSSLRASTSKSESS;LSSLRASTSKSESSQ;SSLRASTSKSESSQK;LRASTSKSESSQK__;ASTSKSESSQK____","P62755::A0A8I5ZRX3","236;240;241;242;244;246::79;83;84;85;87;89","P62755_S236;P62755_S240;P62755_T241;P62755_S242;P62755_S244;P62755_S246::A0A8I5ZRX3_S79;A0A8I5ZRX3_S83;A0A8I5ZRX3_T84;A0A8I5ZRX3_S85;A0A8I5ZRX3_S87;A0A8I5ZRX3_S89"
"RQS#VELHSPQSLPR","RQSVELHSPQSLPR","3","3","S","REVRRRQSVELHSPQ","P34080","256","P34080_S256"
"RRQS#VELHS#PQSLPR","RRQSVELHSPQSLPR","4;9","4;9","S;S","REVRRRQSVELHSPQ;RQSVELHSPQSLPRG","P34080","256;261","P34080_S256;P34080_S261"
"RQS#VELHS#PQS#LPR","RQSVELHSPQSLPR","3;8;11","3;8;11","S;S;S","REVRRRQSVELHSPQ;RQSVELHSPQSLPRG;VELHSPQSLPRGSKA","P34080","256;261;264","P34080_S256;P34080_S261;P34080_S264"
"S#PS#LAFPK","SPSLAFPK","1;3","1;3","S;S","IYQQGPKSPSLAFPK;QQGPKSPSLAFPKWL","A0A0G2JW73","142;144","A0A0G2JW73_S142;A0A0G2JW73_S144"
"EIFS#T#PGMK","EIFSTPGMK","4;5","4;5","S;T","QSEREIFSTPGMKHE;SEREIFSTPGMKHEN","P38445","235;236","P38445_S235;P38445_T236"
"DSVINLS#ES#VEDGPR","DSVINLSESVEDGPR","7;9","7;9","S;S","RDSVINLSESVEDGP;SVINLSESVEDGPRG","P28494","80;82","P28494_S80;P28494_S82"
"PS#S#PGS#PS#PMFR","PSSPGSPSPMFR","2;3;6;8","2;3;6;8","S;S;S;S","NKLPSKPSSPGSPSP;KLPSKPSSPGSPSPM;SKPSSPGSPSPMFRR;PSSPGSPSPMFRRTK","D4A518","728;729;732;734","D4A518_S728;D4A518_S729;D4A518_S732;D4A518_S734"
"VES#PVIFDLEDLDTETDGSK","VESPVIFDLEDLDTETDGSK","3","3","S","NCLDKVESPVIFDLE","D4A518","1117","D4A518_S1117"
"TPS#IDLQR","TPSIDLQR","3","3","S","PLTSRTPSIDLQRAS","D4A518","1225","D4A518_S1225"
"EGS#QET#LAHS#S#PSFNLDTLLVPK","EGSQETLAHSSPSFNLDTLLVPK","3;6;10;11","3;6;10;11","S;T;S;S","TCPFREGSQETLAHS;FREGSQETLAHSSPS;SQETLAHSSPSFNLD;QETLAHSSPSFNLDT","D4A518","1296;1299;1303;1304","D4A518_S1296;D4A518_T1299;D4A518_S1303;D4A518_S1304"
"EGS#QET#LAHS#S#PS#FNLDT#LLVPK","EGSQETLAHSSPSFNLDTLLVPK","3;6;10;11;13;18","3;6;10;11;13;18","S;T;S;S;S;T","TCPFREGSQETLAHS;FREGSQETLAHSSPS;SQETLAHSSPSFNLD;QETLAHSSPSFNLDT;TLAHSSPSFNLDTLL;SPSFNLDTLLVPKLD","D4A518","1296;1299;1303;1304;1306;1311","D4A518_S1296;D4A518_T1299;D4A518_S1303;D4A518_S1304;D4A518_S1306;D4A518_T1311"
"ASLGS#SAS#LEGSLSK","ASLGSSASLEGSLSK","5;8","5;8","S;S","ASRASLGSSASLEGS;ASLGSSASLEGSLSK","D4A518","1408;1411","D4A518_S1408;D4A518_S1411"
"MLPHAPGVQMQAIPEDAIPEES#GDEDEEDPDKR","MLPHAPGVQMQAIPEDAIPEESGDEDEEDPDKR","22","22","S","EDAIPEESGDEDEED","Q4QQW4","393","Q4QQW4_S393"
"RIACEEEFS#DS#DEEGEGGRK","RIACEEEFSDSDEEGEGGRK","9;11","9;11","S;S","IACEEEFSDSDEEGE;CEEEFSDSDEEGEGG","Q4QQW4","421;423","Q4QQW4_S421;Q4QQW4_S423"
"S#PGEAKS#PAEAK","SPGEAKSPAEAK","1;7","1;7","S;S","KSPATVKSPGEAKSP;KSPGEAKSPAEAKSP","P16884","594;600","P16884_S594;P16884_S600"
"SPGEAKS#PAEAK","SPGEAKSPAEAK","7","7","S","KSPGEAKSPAEAKSP","P16884","600","P16884_S600"
"S#PATVKS#PGEAK","SPATVKSPGEAK","1;7","1;7","S;S","KSPAEVKSPATVKSP;KSPATVKSPGEAKSP","P16884","588;594","P16884_S588;P16884_S594"
"S#PAT#VKS#PGEAK","SPATVKSPGEAK","1;4;7","1;4;7","S;T;S","KSPAEVKSPATVKSP;AEVKSPATVKSPGEA;KSPATVKSPGEAKSP","P16884","588;591;594","P16884_S588;P16884_T591;P16884_S594"
"S#PAEAKS#PAEAK","SPAEAKSPAEAK","1;7","1;7","S;S","PVKEEAKSPAEAKSP;KSPAEAKSPAEAKSP","P16884","516;522","P16884_S516;P16884_S522"
"SPAEAKS#PAEAK","SPAEAKSPAEAK","7","7","S","KSPAEAKSPAEAKSP","P16884","522","P16884_S522"
"SPAEAKS#PAEAKS#PAEAK","SPAEAKSPAEAKSPAEAK","7;13","7;13","S;S","KSPAEAKSPAEAKSP;KSPAEAKSPAEAKSP","P16884","522;528","P16884_S522;P16884_S528"
"S#PAEAKS#PAEAKS#PAEVK","SPAEAKSPAEAKSPAEVK","1;7;13","1;7;13","S;S;S","KSPAEAKSPAEAKSP;KSPAEAKSPAEAKSP;KSPAEAKSPAEVKSP","P16884","522;528;534","P16884_S522;P16884_S528;P16884_S534"
"S#PAEAKS#PAEVK","SPAEAKSPAEVK","1;7","1;7","S;S","KSPAEAKSPAEAKSP;KSPAEAKSPAEVKSP","P16884","528;534","P16884_S528;P16884_S534"
"S#PAEVK","SPAEVK","1","1","S","KAAAMPDSPAEVKTQ::LRIIPEISPAEVKSD::KSPAEAKSPAEVKSP","D4A303::A0A0G2JU32::P16884","38::201::534","D4A303_S38::A0A0G2JU32_S201::P16884_S534"
"S#PAEVKS#PAEAK","SPAEVKSPAEAK","1;7","1;7","S;S","KSPAEVKSPAEVKSP;KSPAEVKSPAEAKSP","P16884","540;546","P16884_S540;P16884_S546"
"SPAEVKS#PAEAK","SPAEVKSPAEAK","7","7","S","KSPAEVKSPAEAKSP","P16884","546","P16884_S546"
"NRDVEMGNS#VIEENEMK","NRDVEMGNSVIEENEMK","9","9","S","RDVEMGNSVIEENEM","P24942","512","P24942_S512"
"TLNEWSSQIS#PDLVR","TLNEWSSQISPDLVR","10","10","S","NEWSSQISPDLVREF","P48508","59","P48508_S59"
"LFIVGSNS#S#S#S#T#R","LFIVGSNSSSSTR","8;9;10;11;12","8;9;10;11;12","S;S;S;S;T","LFIVGSNSSSSTRNA;FIVGSNSSSSTRNAV;IVGSNSSSSTRNAVD;VGSNSSSSTRNAVDM;GSNSSSSTRNAVDMA","P48508","102;103;104;105;106","P48508_S102;P48508_S103;P48508_S104;P48508_S105;P48508_T106"
"NLGS#INTELQDVQR","NLGSINTELQDVQR","4","4","S","RARRNLGSINTELQD","Q4KM74","137","Q4KM74_S137"
"GEALSALDS#K","GEALSALDSK","9","9","S","EALSALDSKANNLSS","Q4KM74","168","Q4KM74_S168"
"ANNLS#S#LS#K","ANNLSSLSK","5;6;8","5;6;8","S;S;S","DSKANNLSSLSKKYR;SKANNLSSLSKKYRQ;ANNLSSLSKKYRQDA","Q4KM74","174;175;177","Q4KM74_S174;Q4KM74_S175;Q4KM74_S177"
"NIPRIT#S#DR","NIPRITSDR","6;7","6;7","T;S","KKNIPRITSDRLLIK;KNIPRITSDRLLIKG::KKNIPRITSDRLLIK;KNIPRITSDRLLIKG","P47942::Q62952","13;14::13;14","P47942_T13;P47942_S14::Q62952_T13;Q62952_S14"
"S#AAEVIAQAR","SAAEVIAQAR","1","1","S","VTKVMSKSAAEVIAQ","P47942","259","P47942_S259"
"GLYDGPVCEVSVT#PK","GLYDGPVCEVSVTPK","13","13","T","PVCEVSVTPKTVTPA","P47942","509","P47942_T509"
"TVT#PASSAK","TVTPASSAK","3","3","T","SVTPKTVTPASSAKT","P47942","514","P47942_T514"
"T#VT#PAS#S#AK","TVTPASSAK","1;3;6;7","1;3;6;7","T;T;S;S","EVSVTPKTVTPASSA;SVTPKTVTPASSAKT;PKTVTPASSAKTSPA;KTVTPASSAKTSPAK","P47942","512;514;517;518","P47942_T512;P47942_T514;P47942_S517;P47942_S518"
"TVTPAS#S#AKT#S#PAK","TVTPASSAKTSPAK","6;7;10;11","6;7;10;11","S;S;T;S","PKTVTPASSAKTSPA;KTVTPASSAKTSPAK;TPASSAKTSPAKQQA;PASSAKTSPAKQQAP","P47942","517;518;521;522","P47942_S517;P47942_S518;P47942_T521;P47942_S522"
"TVT#PAS#S#AKT#S#PAK","TVTPASSAKTSPAK","3;6;7;10;11","3;6;7;10;11","T;S;S;T;S","SVTPKTVTPASSAKT;PKTVTPASSAKTSPA;KTVTPASSAKTSPAK;TPASSAKTSPAKQQA;PASSAKTSPAKQQAP","P47942","514;517;518;521;522","P47942_T514;P47942_S517;P47942_S518;P47942_T521;P47942_S522"
"NLHQSGFS#LS#GAQIDDNIPR","NLHQSGFSLSGAQIDDNIPR","8;10","8;10","S;S","NLHQSGFSLSGAQID;HQSGFSLSGAQIDDN","P47942","540;542","P47942_S540;P47942_S542"
"VES#LEQEAANER","VESLEQEAANER","3","3","S","HFQEKVESLEQEAAN","P08592","441","P08592_S441"
"S#GAGDY#LLGLK","SGAGDYLLGLK","1;6","1;6","S;Y","PPQAAVRSGAGDYLL;VRSGAGDYLLGLKRL","F1LSQ8","67;72","F1LSQ8_S67;F1LSQ8_Y72"
"IGEGT#YGVVYK","IGEGTYGVVYK","5","5","T","VEKIGEGTYGVVYKA::IEKIGEGTYGVVYKG","Q63699::P39951","14::14","Q63699_T14::P39951_T14"
"IGEGT#Y#GVVYK","IGEGTYGVVYK","5;6","5;6","T;Y","VEKIGEGTYGVVYKA;EKIGEGTYGVVYKAK::IEKIGEGTYGVVYKG;EKIGEGTYGVVYKGR","Q63699::P39951","14;15::14;15","Q63699_T14;Q63699_Y15::P39951_T14;P39951_Y15"
"IGEGTYGVVY#K","IGEGTYGVVYK","10","10","Y","EGTYGVVYKAKNKLT::EGTYGVVYKGRHRTT","Q63699::P39951","19::19","Q63699_Y19::P39951_Y19"
"S#S#MNPEY#DYLFK","SSMNPEYDYLFK","1;2;7","1;2;7","S;S;Y","______MSSMNPEYD;_____MSSMNPEYDY;MSSMNPEYDYLFKLL","Q6NYB7","2;3;8","Q6NYB7_S2;Q6NYB7_S3;Q6NYB7_Y8"
"IQS#T#PVK","IQSTPVK","3;4","3;4","S;T","KSNVKIQSTPVKKSG;SNVKIQSTPVKKSGG::KSNVKIQSTPVKKSG;SNVKIQSTPVKKSGG::KSNVKIQSTPVKKSG;SNVKIQSTPVKKSGV::KSNVKIQSTPVKQSG;SNVKIQSTPVKQSGG::KSNVKIQSTPVKQSG;SNVKIQSTPVKQSGG","A0A8I6A3I5::A0A8I6A3Z4::A0A8I6A1H5::Q6NYB7::A0A8I6AT03","187;188::118;119::148;149::194;195::118;119","A0A8I6A3I5_S187;A0A8I6A3I5_T188::A0A8I6A3Z4_S118;A0A8I6A3Z4_T119::A0A8I6A1H5_S148;A0A8I6A1H5_T149::Q6NYB7_S194;Q6NYB7_T195::A0A8I6AT03_S118;A0A8I6AT03_T119"
"AVFPS#IVGRPR","AVFPSIVGRPR","5","5","S","APRAVFPSIVGRPRH::APRAVFPSIVGRPRH::APRAVFPSIVGRPRH::APRAVFPSIVGRPRH::APRAVFPSIVGRPRH::APRAVFPSIVGRPRH","P63259::P60711::P63269::P68035::P68136::P62738","33::33::34::35::35::35","P63259_S33::P60711_S33::P63269_S34::P68035_S35::P68136_S35::P62738_S35"
"HQGVMVGMGQKDS#YVGDEAQSK","HQGVMVGMGQKDSYVGDEAQSK","13","13","S","VGMGQKDSYVGDEAQ::VGMGQKDSYVGDEAQ::VGMGQKDSYVGDEAQ::VGMGQKDSYVGDEAQ::VGMGQKDSYVGDEAQ::VGMGQKDSYVGDEAQ","P63259::P60711::P63269::P68035::P68136::P62738","52::52::53::54::54::54","P63259_S52::P60711_S52::P63269_S53::P68035_S54::P68136_S54::P62738_S54"
"DSY#VGDEAQSK","DSYVGDEAQSK","3","3","Y","GMGQKDSYVGDEAQS::GMGQKDSYVGDEAQS::GMGQKDSYVGDEAQS::GMGQKDSYVGDEAQS::GMGQKDSYVGDEAQS::GMGQKDSYVGDEAQS::GMGQKDSYVGDEAQS","P63259::P60711::A0A8I5Y704::P63269::P68035::P68136::P62738","53::53::35::54::55::55::55","P63259_Y53::P60711_Y53::A0A8I5Y704_Y35::P63269_Y54::P68035_Y55::P68136_Y55::P62738_Y55"
"DSYVGDEAQS#K","DSYVGDEAQSK","10","10","S","YVGDEAQSKRGILTL::YVGDEAQSKRGILTL::YVGDEAQSKRGILTP::YVGDEAQSKRGILTL::YVGDEAQSKRGILTL::YVGDEAQSKRGILTL::YVGDEAQSKRGILTL","P63259::P60711::A0A8I5Y704::P63269::P68035::P68136::P62738","60::60::42::61::62::62::62","P63259_S60::P60711_S60::A0A8I5Y704_S42::P63269_S61::P68035_S62::P68136_S62::P62738_S62"
"GILT#LK","GILTLK","4","4","T","QSKRGILTLKYPIEH::QSKRGILTLKYPIEH::WGKFGILTLKYKSSH::PWFHGILTLKKANEL::QSKRGILTLKYPIEH::QSKRGILTLKYPIEH::QSKRGILTLKYPIEH::QSKRGILTLKYPIEH::QSKRGILTLKYPIEH","P63259::P60711::P97829::Q6AYC8::D3ZRN3::P63269::P68035::P68136::P62738","66::66::162::322::67::67::68::68::68","P63259_T66::P60711_T66::P97829_T162::Q6AYC8_T322::D3ZRN3_T67::P63269_T67::P68035_T68::P68136_T68::P62738_T68"
"Y#PIEHGIIT#NWDDMEK","YPIEHGIITNWDDMEK","1;9","1;9","Y;T","RGILTLKYPIEHGII;PIEHGIITNWDDMEK::RGILTLKYPIEHGII;PIEHGIITNWDDMEK::RGILTLKYPIEHGII;PIEHGIITNWDDMEK::RGILTLKYPIEHGII;PIEHGIITNWDDMEK","P63269::P68035::P68136::P62738","70;78::71;79::71;79::71;79","P63269_Y70;P63269_T78::P68035_Y71;P68035_T79::P68136_Y71;P68136_T79::P62738_Y71;P62738_T79"
"IWHHT#FYNELR","IWHHTFYNELR","5","5","T","MEKIWHHTFYNELRV::MEKIWHHTFYNELRV::METIWHHTFYNELRV::MEKIWHHTFYNELRV::MEKIWHHTFYNELRV","P63259::P60711::A0A8I5Y704::P68035::P68136","89::89::71::91::91","P63259_T89::P60711_T89::A0A8I5Y704_T71::P68035_T91::P68136_T91"
"IWHHT#FY#NELR","IWHHTFYNELR","5;7","5;7","T;Y","MEKIWHHTFYNELRV;KIWHHTFYNELRVAP::MEKIWHHTFYNELRV;KIWHHTFYNELRVAP::METIWHHTFYNELRV;TIWHHTFYNELRVAP::MEKIWHHTFYNELRV;KIWHHTFYNELRVAP::MEKIWHHTFYNELRV;KIWHHTFYNELRVAP","P63259::P60711::A0A8I5Y704::P68035::P68136","89;91::89;91::71;73::91;93::91;93","P63259_T89;P63259_Y91::P60711_T89;P60711_Y91::A0A8I5Y704_T71;A0A8I5Y704_Y73::P68035_T91;P68035_Y93::P68136_T91;P68136_Y93"
"T#T#GIVLDSGDGVTHNVPIYEGYALPHAIMR","TTGIVLDSGDGVTHNVPIYEGYALPHAIMR","1;2","1;2","T;T","SLYASGRTTGIVLDS;LYASGRTTGIVLDSG::SLYASGRTTGIVLDS;LYASGRTTGIVLDSG::SLYASGRTTGIVLDS;LYASGRTTGIVLDSG::SLYASGRTTGIVLDS;LYASGRTTGIVLDSG","P63269::P68035::P68136::P62738","149;150::150;151::150;151::150;151","P63269_T149;P63269_T150::P68035_T150;P68035_T151::P68136_T150;P68136_T151::P62738_T150;P62738_T151"
"DLT#DY#LMK","DLTDYLMK","3;5","3;5","T;Y","DLAGRDLTDYLMKIL;AGRDLTDYLMKILTE::DLAGRDLTDYLMKIL;AGRDLTDYLMKILTE::DLVGRDLTDYLMKIL;VGRDLTDYLMKILTE::DLAGRDLTDYLMKIL;AGRDLTDYLMKILTE::DLAGRDLTDYLMKIL;AGRDLTDYLMKILTE::DLAGRDLTDYLMKIL;AGRDLTDYLMKILTE::DLAGRDLTDYLMKIL;AGRDLTDYLMKILTE::DLAGRDLTDYLMKIL;AGRDLTDYLMKILTE","P63259::P60711::A0A8I5Y704::D3ZRN3::P63269::P68035::P68136::P62738","186;188::186;188::168;170::187;189::187;189::188;190::188;190::188;190","P63259_T186;P63259_Y188::P60711_T186;P60711_Y188::A0A8I5Y704_T168;A0A8I5Y704_Y170::D3ZRN3_T187;D3ZRN3_Y189::P63269_T187;P63269_Y189::P68035_T188;P68035_Y190::P68136_T188;P68136_Y190::P62738_T188;P62738_Y190"
"GY#SFVTTAER","GYSFVTTAER","2","2","Y","KILTERGYSFVTTAE::KILTERGYSFVTTAE::KILTERGYSFVTTAE::KILTERGYSFVTTAE","P63269::P68035::P68136::P62738","199::200::200::200","P63269_Y199::P68035_Y200::P68136_Y200::P62738_Y200"
"GYS#FVTTAER","GYSFVTTAER","3","3","S","ILTERGYSFVTTAER::ILTERGYSFVTTAER::ILTERGYSFVTTAER::ILTERGYSFVTTAER","P63269::P68035::P68136::P62738","200::201::201::201","P63269_S200::P68035_S201::P68136_S201::P62738_S201"
"GYSFVT#T#AEREIVR","GYSFVTTAEREIVR","6;7","6;7","T;T","ERGYSFVTTAEREIV;RGYSFVTTAEREIVR::ERGYSFVTTAEREIV;RGYSFVTTAEREIVR::ERGYSFVTTAEREIV;RGYSFVTTAEREIVR::ERGYSFVTTAEREIV;RGYSFVTTAEREIVR","P63269::P68035::P68136::P62738","203;204::204;205::204;205::204;205","P63269_T203;P63269_T204::P68035_T204;P68035_T205::P68136_T204;P68136_T205::P62738_T204;P62738_T205"
"S#YELPDGQVITIGNER","SYELPDGQVITIGNER","1","1","S","SSSSLEKSYELPDGQ::SSSSLEKSYELPDGQ::SSSSLEKSYELPDGQ::ASSSLERSYELPDGQ::SSSSLEKSYELPDGQ::SSSSLEKSYELPDGQ::SSSSLEKSYELPDGQ::SSSSLEKSYELPDGQ","P63259::P60711::A0A8I5Y704::D3ZRN3::P63269::P68035::P68136::P62738","239::239::221::240::240::241::241::241","P63259_S239::P60711_S239::A0A8I5Y704_S221::D3ZRN3_S240::P63269_S240::P68035_S241::P68136_S241::P62738_S241"
"SYELPDGQVIT#IGNER","SYELPDGQVITIGNER","11","11","T","LPDGQVITIGNERFR::LPDGQVITIGNERFR::LPDGQVITIGNERFR::LPDGQVITIGNERFR::LPDGQVITIGNERFR::LPDGQVITIGNERFR::LPDGQVITIGNERFR::LPDGQVITIGNERFR","P63259::P60711::A0A8I5Y704::D3ZRN3::P63269::P68035::P68136::P62738","249::249::231::250::250::251::251::251","P63259_T249::P60711_T249::A0A8I5Y704_T231::D3ZRN3_T250::P63269_T250::P68035_T251::P68136_T251::P62738_T251"
"EIT#ALAPSTMK","EITALAPSTMK","3","3","T","DRMQKEITALAPSTM::DRMQKEITALAPSTM::DRMQKEITALAPSTM::DRMQKEITALAPSTM::DRMQKEITALAPSTM::DRMQKEITALAPSTM::DRMQKEITALAPSTM","P63259::P60711::A0A8I5Y704::P63269::P68035::P68136::P62738","318::318::300::319::320::320::320","P63259_T318::P60711_T318::A0A8I5Y704_T300::P63269_T319::P68035_T320::P68136_T320::P62738_T320"
"EITALAPS#T#MK","EITALAPSTMK","8;9","8;9","S;T","EITALAPSTMKIKII;ITALAPSTMKIKIIA::EITALAPSTMKIKII;ITALAPSTMKIKIIA::EITALAPSTMKIKII;ITALAPSTMKIKIIA::EITALAPSTMKIKII;ITALAPSTMKIKIIA::EITALAPSTMKIKII;ITALAPSTMKIKIIA::EITALAPSTMKIKII;ITALAPSTMKIKIIA::EITALAPSTMKIKII;ITALAPSTMKIKIIA","P63259::P60711::A0A8I5Y704::P63269::P68035::P68136::P62738","323;324::323;324::305;306::324;325::325;326::325;326::325;326","P63259_S323;P63259_T324::P60711_S323;P60711_T324::A0A8I5Y704_S305;A0A8I5Y704_T306::P63269_S324;P63269_T325::P68035_S325;P68035_T326::P68136_S325;P68136_T326::P62738_S325;P62738_T326"
"QEY#DEAGPSIVHR","QEYDEAGPSIVHR","3","3","Y","MWISKQEYDEAGPSI::MWITKQEYDEAGPSI::MWISKQEYDEAGPSI","P68035::P68136::P62738","364::364::364","P68035_Y364::P68136_Y364::P62738_Y364"
"QEYDEAGPS#IVHRK","QEYDEAGPSIVHRK","9","9","S","EYDEAGPSIVHRKCF::EYDEAGPSIVHRKCF::EYDEAGPSIVHRKCF","P68035::P68136::P62738","370::370::370","P68035_S370::P68136_S370::P62738_S370"
"LHS#WSMSR","LHSWSMSR","3","3","S","SRDYRLHSWSMSRNG","P35000","406","P35000_S406"
"LHS#WS#MS#R","LHSWSMSR","3;5;7","3;5;7","S;S;S","SRDYRLHSWSMSRNG;DYRLHSWSMSRNGSE;RLHSWSMSRNGSESA","P35000","406;408;410","P35000_S406;P35000_S408;P35000_S410"
"T#QS#FLQSETSVI","TQSFLQSETSVI","1;3","1;3","T;S","QIHRGSRTQSFLQSE;HRGSRTQSFLQSETS","P35000","426;428","P35000_T426;P35000_S428"
"NGAVLT#AEES#DPAES#MES#LV","NGAVLTAEESDPAESMESLV","6;10;15;18","6;10;15;18","T;S;S;S","DKNGAVLTAEESDPA;AVLTAEESDPAESME;EESDPAESMESLV__;DPAESMESLV_____","F1LP13","1428;1432;1437;1440","F1LP13_T1428;F1LP13_S1432;F1LP13_S1437;F1LP13_S1440"
"NDDT#DS#AS#T#DDMW","NDDTDSASTDDMW","4;6;8;9","4;6;8;9","T;S;S;T","NPYKNDDTDSASTDD;YKNDDTDSASTDDMW;NDDTDSASTDDMW__;DDTDSASTDDMW___","P20650","373;375;377;378","P20650_T373;P20650_S375;P20650_S377;P20650_T378"
"LNPYKNDDTDS#AS#T#DDMW","LNPYKNDDTDSASTDDMW","11;13;14","11;13;14","S;S;T","YKNDDTDSASTDDMW;NDDTDSASTDDMW__;DDTDSASTDDMW___","P20650","375;377;378","P20650_S375;P20650_S377;P20650_T378"
"AGGGS#QDFGAGLK","AGGGSQDFGAGLK","5","5","S","GRKAGGGSQDFGAGL","Q9JJI7","13","Q9JJI7_S13"
"GKLPES#PK","GKLPESPK","6","6","S","DRGKLPESPKRAEEI","P25977","484","P25977_S484"
"NS#S#PRS#PT#NS#SEIFTPAHEENVR","NSSPRSPTNSSEIFTPAHEENVR","2;3;6;8;10","2;3;6;8;10","S;S;S;T;S","VYNGKRNSSPRSPTN;YNGKRNSSPRSPTNS;KRNSSPRSPTNSSEI;NSSPRSPTNSSEIFT;SPRSPTNSSEIFTPA","B0BN72","17;18;21;23;25","B0BN72_S17;B0BN72_S18;B0BN72_S21;B0BN72_T23;B0BN72_S25"
"S#PTNSSEIFTPAHEENVR","SPTNSSEIFTPAHEENVR","1","1","S","KRNSSPRSPTNSSEI","B0BN72","21","B0BN72_S21"
"S#PT#NS#S#EIFTPAHEENVR","SPTNSSEIFTPAHEENVR","1;3;5;6","1;3;5;6","S;T;S;S","KRNSSPRSPTNSSEI;NSSPRSPTNSSEIFT;SPRSPTNSSEIFTPA;PRSPTNSSEIFTPAH","B0BN72","21;23;25;26","B0BN72_S21;B0BN72_T23;B0BN72_S25;B0BN72_S26"
"IYHLPDAES#DEDEDFKEQTR","IYHLPDAESDEDEDFKEQTR","9","9","S","YHLPDAESDEDEDFK","Q91Y81","218","Q91Y81_S218"
"NSQPNRY#T#NR","NSQPNRYTNR","7;8","7;8","Y;T","KNSQPNRYTNRVVTL;NSQPNRYTNRVVTLW","Q641Z4","185;186","Q641Z4_Y185;Q641Z4_T186"
"EANNCS#S#PAGVLVDAMSQK","EANNCSSPAGVLVDAMSQK","6;7","6;7","S;S","VREANNCSSPAGVLV;REANNCSSPAGVLVD","Q62771","127;128","Q62771_S127;Q62771_S128"
"AVDGY#VKPQIK","AVDGYVKPQIK","5","5","Y","LAKAVDGYVKPQIKQ","Q62771","694","Q62771_Y694"
"LS#PPAGLFTSAR","LSPPAGLFTSAR","2","2","S","DSLDPRLSPPAGLFT","Q62771","779","Q62771_S779"
"EANNGS#S#PAGSLADAMSQK","EANNGSSPAGSLADAMSQK","6;7","6;7","S;S","VREANNGSSPAGSLA;REANNGSSPAGSLAD","P52632","127;128","P52632_S127;P52632_S128"
"AADGY#VKPQIK","AADGYVKPQIK","5","5","Y","TAKAADGYVKPQIKQ","P52632","699","P52632_Y699"
"GEHS#PDDNIIFFK","GEHSPDDNIIFFK","4","4","S","___MGEHSPDDNIIF","D3ZBT4","5","D3ZBT4_S5"
"AILFLPLPVS#S#D","AILFLPLPVSSD","10;11","10;11","S;S","LFLPLPVSSD_____;FLPLPVSSD______","P61149","153;154","P61149_S153;P61149_S154"
"SAGGSAGPGGATGGGIGGGDEPGS#PAQGK","SAGGSAGPGGATGGGIGGGDEPGSPAQGK","24","24","S","GGGDEPGSPAQGKRG","Q9EPJ1","68","Q9EPJ1_S68"
"QKEDVEGVGT#S#DGEGAAGLSSDPK","QKEDVEGVGTSDGEGAAGLSSDPK","10;11","10;11","T;S","EDVEGVGTSDGEGAA;DVEGVGTSDGEGAAG","Q6YDN7","41;42","Q6YDN7_T41;Q6YDN7_S42"
"EDVEGVGT#S#DGEGAAGLSSDPK","EDVEGVGTSDGEGAAGLSSDPK","8;9","8;9","T;S","EDVEGVGTSDGEGAA;DVEGVGTSDGEGAAG","Q6YDN7","41;42","Q6YDN7_T41;Q6YDN7_S42"
"AAENEASQESALGAYS#PVDYMSITSFPR","AAENEASQESALGAYSPVDYMSITSFPR","16","16","S","ESALGAYSPVDYMSI","Q99MZ4","17","Q99MZ4_S17"
"LPS#S#S#S#EMGS#QDGS#PLR","LPSSSSEMGSQDGSPLR","3;4;5;6;10;14","3;4;5;6;10;14","S;S;S;S;S;S","ARLQRLPSSSSEMGS;RLQRLPSSSSEMGSQ;LQRLPSSSSEMGSQD;QRLPSSSSEMGSQDG;SSSSEMGSQDGSPLR;EMGSQDGSPLRETRK","Q99MZ4","72;73;74;75;79;83","Q99MZ4_S72;Q99MZ4_S73;Q99MZ4_S74;Q99MZ4_S75;Q99MZ4_S79;Q99MZ4_S83"
"LPSSSSEMGS#QDGS#PLRETR","LPSSSSEMGSQDGSPLRETR","10;14","10;14","S;S","SSSSEMGSQDGSPLR;EMGSQDGSPLRETRK","Q99MZ4","79;83","Q99MZ4_S79;Q99MZ4_S83"
"LPSSSSEMGSQDGS#PLR","LPSSSSEMGSQDGSPLR","14","14","S","EMGSQDGSPLRETRK","Q99MZ4","83","Q99MZ4_S83"
"RAS#TIEMPQQAR","RASTIEMPQQAR","3","3","S","RSAIRRASTIEMPQQ","P61016","16","P61016_S16"
"AS#T#IEMPQQAR","ASTIEMPQQAR","2;3","2;3","S;T","RSAIRRASTIEMPQQ;SAIRRASTIEMPQQA","P61016","16;17","P61016_S16;P61016_T17"
"AAATEDAT#PAALEK","AAATEDATPAALEK","8","8","T","AAATEDATPAALEKG","P26435","330","P26435_T330"
"MLQAIS#PK","MLQAISPK","6","6","S","GRMLQAISPKQSPSS","P19836","315","P19836_S315"
"MLQAIS#PKQS#PS#SSPTHER","MLQAISPKQSPSSSPTHER","6;10;12","6;10;12","S;S;S","GRMLQAISPKQSPSS;QAISPKQSPSSSPTH;ISPKQSPSSSPTHER","P19836","315;319;321","P19836_S315;P19836_S319;P19836_S321"
"MLQAIS#PKQS#PS#S#S#PT#HER","MLQAISPKQSPSSSPTHER","6;10;12;13;14;16","6;10;12;13;14;16","S;S;S;S;S;T","GRMLQAISPKQSPSS;QAISPKQSPSSSPTH;ISPKQSPSSSPTHER;SPKQSPSSSPTHERS;PKQSPSSSPTHERSP;QSPSSSPTHERSPSP","P19836","315;319;321;322;323;325","P19836_S315;P19836_S319;P19836_S321;P19836_S322;P19836_S323;P19836_T325"
"QS#PSS#S#PT#HER","QSPSSSPTHER","2;5;6;8","2;5;6;8","S;S;S;T","QAISPKQSPSSSPTH;SPKQSPSSSPTHERS;PKQSPSSSPTHERSP;QSPSSSPTHERSPSP","P19836","319;322;323;325","P19836_S319;P19836_S322;P19836_S323;P19836_T325"
"QS#PS#S#S#PT#HERS#PS#PS#FR","QSPSSSPTHERSPSPSFR","2;4;5;6;8;12;14;16","2;4;5;6;8;12;14;16","S;S;S;S;T;S;S;S","QAISPKQSPSSSPTH;ISPKQSPSSSPTHER;SPKQSPSSSPTHERS;PKQSPSSSPTHERSP;QSPSSSPTHERSPSP;SSPTHERSPSPSFRW;PTHERSPSPSFRWPF;HERSPSPSFRWPFSG","P19836","319;321;322;323;325;329;331;333","P19836_S319;P19836_S321;P19836_S322;P19836_S323;P19836_T325;P19836_S329;P19836_S331;P19836_S333"
"SPS#PSFR","SPSPSFR","3","3","S","PTHERSPSPSFRWPF","P19836","331","P19836_S331"
"WPFSGKT#S#PSS#S#PASLSR","WPFSGKTSPSSSPASLSR","7;8;11;12","7;8;11;12","T;S;S;S","RWPFSGKTSPSSSPA;WPFSGKTSPSSSPAS;SGKTSPSSSPASLSR;GKTSPSSSPASLSRC","P19836","342;343;346;347","P19836_T342;P19836_S343;P19836_S346;P19836_S347"
"WPFSGKTS#PS#SSPASLSR","WPFSGKTSPSSSPASLSR","8;10","8;10","S;S","WPFSGKTSPSSSPAS;FSGKTSPSSSPASLS","P19836","343;345","P19836_S343;P19836_S345"
"WPFSGKT#S#PS#SSPASLSR","WPFSGKTSPSSSPASLSR","7;8;10","7;8;10","T;S;S","RWPFSGKTSPSSSPA;WPFSGKTSPSSSPAS;FSGKTSPSSSPASLS","P19836","342;343;345","P19836_T342;P19836_S343;P19836_S345"
"WPFS#GKT#S#PS#S#S#PASLSR","WPFSGKTSPSSSPASLSR","4;7;8;10;11;12","4;7;8;10;11;12","S;T;S;S;S;S","PSFRWPFSGKTSPSS;RWPFSGKTSPSSSPA;WPFSGKTSPSSSPAS;FSGKTSPSSSPASLS;SGKTSPSSSPASLSR;GKTSPSSSPASLSRC","P19836","339;342;343;345;346;347","P19836_S339;P19836_T342;P19836_S343;P19836_S345;P19836_S346;P19836_S347"
"AVTCDIS#EDEED","AVTCDISEDEED","7","7","S","KAVTCDISEDEED__","P19836","362","P19836_S362"
"AHS#PVAVQVPGMQNNIADPEELFTK","AHSPVAVQVPGMQNNIADPEELFTK","3","3","S","AAASMAHSPVAVQVP","A0A8I6GBQ0","202","A0A8I6GBQ0_S202"
"S#DKPDMAEIEKFDK","SDKPDMAEIEKFDK","1","1","S","______MSDKPDMAE::LLLPATMSDKPDMAE","P62329::A0A8I6AUX5","2::64","P62329_S2::A0A8I6AUX5_S64"
"NPLPS#KET#IEQEK","NPLPSKETIEQEK","5;8","5;8","S;T","QEKNPLPSKETIEQE;NPLPSKETIEQEKQA::QEKNPLPSKETIEQE;NPLPSKETIEQEKQA::QEKNPLPSKETIEQE;NPLPSKETIEQEKQA","P62329::A0A8I6AUX5::A0A0G2K021","31;34::93;96::41;44","P62329_S31;P62329_T34::A0A8I6AUX5_S93;A0A8I6AUX5_T96::A0A0G2K021_S41;A0A0G2K021_T44"
"NPLPSKET#IEQEK","NPLPSKETIEQEK","8","8","T","NPLPSKETIEQEKQA::NPLPSKETIEQEKQA::NPLPSKETIEQEKQA","P62329::A0A8I6AUX5::A0A0G2K021","34::96::44","P62329_T34::A0A8I6AUX5_T96::A0A0G2K021_T44"
"GDQALS#FLK","GDQALSFLK","6","6","S","_MGDQALSFLKDFLA","Q05962","7","Q05962_S7"
"DFLAGGIAAAVS#K","DFLAGGIAAAVSK","12","12","S","GGIAAAVSKTAVAPI","Q05962","22","Q05962_S22"
"LLLQVQHAS#K","LLLQVQHASK","9","9","S","LLQVQHASKQISAEK::LLQVQHASKQITADK::LLQVQHASKQITADK","Q05962::A0A8I6A2W7::Q09073","42::12::42","Q05962_S42::A0A8I6A2W7_S12::Q09073_S42"
"YFPT#QALNFAFKDK","YFPTQALNFAFKDK","4","4","T","NVIRYFPTQALNFAF::SVIRYFPTQALNFAF::NVIRYFPTQALNFAF::NVIRYFPTQALNFAF::SVIRYFPTQALNFAF::NVIRYFPTQALNFAF::NVIRYFPTQALNFAF::NVIRYFPTQALNFAF","A0A8I6A075::A0A8I5Y643::A0A8I6G2T3::Q05962::A0A8I6A2W7::D3ZB81::A0A8I6GK78::Q09073","35::85::79::84::40::97::84::84","A0A8I6A075_T35::A0A8I5Y643_T85::A0A8I6G2T3_T79::Q05962_T84::A0A8I6A2W7_T40::D3ZB81_T97::A0A8I6GK78_T84::Q09073_T84"
"LAADVGKGS#S#QR","LAADVGKGSSQR","9;10","9;10","S;S","AADVGKGSSQREFNG;ADVGKGSSQREFNGL","Q05962","149;150","Q05962_S149;Q05962_S150"
"GS#S#QREFNGLGDCLTK","GSSQREFNGLGDCLTK","2;3","2;3","S;S","AADVGKGSSQREFNG;ADVGKGSSQREFNGL","Q05962","149;150","Q05962_S149;Q05962_S150"
"AAY#FGVYDTAK","AAYFGVYDTAK","3","3","Y","IIIYRAAYFGVYDTA","Q05962","191","Q05962_Y191"
"AAYFGVY#DT#AK","AAYFGVYDTAK","7;9","7;9","Y;T","RAAYFGVYDTAKGML;AYFGVYDTAKGMLPD","Q05962","195;197","Q05962_Y195;Q05962_T197"
"GAWS#NVLR","GAWSNVLR","4","4","S","AFFKGAWSNVLRGMG::AFFKGAWSNVLRGMG::AFFKGAWSNVLRGMG::AFFKGAWSNVLRGMG","A0A8I5Y643::Q05962::A0A8I6A2W7::Q09073","277::276::222::276","A0A8I5Y643_S277::Q05962_S276::A0A8I6A2W7_S222::Q09073_S276"
"NGGS#PALNNNPR","NGGSPALNNNPR","4","4","S","PESKNGGSPALNNNP","P97544","19","P97544_S19"
"S#PS#LVS#LRMK","SPSLVSLRMK","1;3;6","1;3;6","S;S;S","SPDGDYKSPSLVSLR;DGDYKSPSLVSLRMK;YKSPSLVSLRMKPKE","F1LN97","322;324;327","F1LN97_S322;F1LN97_S324;F1LN97_S327"
"LAGDMGELALEGAEGQAEGS#T#PDK","LAGDMGELALEGAEGQAEGSTPDK","20;21","20;21","S;T","AEGQAEGSTPDKEAS;EGQAEGSTPDKEASS","F7F4X2","181;182","F7F4X2_S181;F7F4X2_T182"
"T#PEIFR","TPEIFR","1","1","T","DCIFAFETPEIFRPE::EPPPRPKTPEIFRAL","D3ZU27::A7E3N2","395::225","D3ZU27_T395::A7E3N2_T225"
"LT#GS#S#LDLR","LTGSSLDLR","2;4;5","2;4;5","T;S;S","GVPLQRLTGSSLDLR;PLQRLTGSSLDLRRC;LQRLTGSSLDLRRCF","D3ZXM1","92;94;95","D3ZXM1_T92;D3ZXM1_S94;D3ZXM1_S95"
"PMKDETFGEY#RS#LES#DNEEK","PMKDETFGEYRSLESDNEEK","10;12;15","10;12;15","Y;S;S","KDETFGEYRSLESDN;ETFGEYRSLESDNEE;GEYRSLESDNEEKAF","Q05695","1178;1180;1183","Q05695_Y1178;Q05695_S1180;Q05695_S1183"
"S#LESDNEEK","SLESDNEEK","1","1","S","ETFGEYRSLESDNEE","Q05695","1180","Q05695_S1180"
"SLES#DNEEK","SLESDNEEK","4","4","S","GEYRSLESDNEEKAF","Q05695","1183","Q05695_S1183"
"AFGS#S#QPS#LNGDIK","AFGSSQPSLNGDIK","4;5;8","4;5;8","S;S;S","NEEKAFGSSQPSLNG;EEKAFGSSQPSLNGD;AFGSSQPSLNGDIKP","Q05695","1192;1193;1196","Q05695_S1192;Q05695_S1193;Q05695_S1196"
"AFGS#S#QPS#LNGDIKPLGS#DDS#LADY#GGS#VDVQFNEDGS#FIGQY#S#GK","AFGSSQPSLNGDIKPLGSDDSLADYGGSVDVQFNEDGSFIGQYSGK","4;5;8;18;21;25;28;38;43;44","4;5;8;18;21;25;28;38;43;44","S;S;S;S;S;Y;S;S;Y;S","NEEKAFGSSQPSLNG;EEKAFGSSQPSLNGD;AFGSSQPSLNGDIKP;GDIKPLGSDDSLADY;KPLGSDDSLADYGGS;SDDSLADYGGSVDVQ;SLADYGGSVDVQFNE;VQFNEDGSFIGQYSG;DGSFIGQYSGKKEKE;GSFIGQYSGKKEKEA","Q05695","1192;1193;1196;1206;1209;1213;1216;1226;1231;1232","Q05695_S1192;Q05695_S1193;Q05695_S1196;Q05695_S1206;Q05695_S1209;Q05695_Y1213;Q05695_S1216;Q05695_S1226;Q05695_Y1231;Q05695_S1232"
"EAAGGNDS#S#GATSPINPAVALE","EAAGGNDSSGATSPINPAVALE","8;9","8;9","S;S","EAAGGNDSSGATSPI;AAGGNDSSGATSPIN","Q05695","1245;1246","Q05695_S1245;Q05695_S1246"
"EAAGGNDS#S#GAT#S#PINPAVALE","EAAGGNDSSGATSPINPAVALE","8;9;12;13","8;9;12;13","S;S;T;S","EAAGGNDSSGATSPI;AAGGNDSSGATSPIN;GNDSSGATSPINPAV;NDSSGATSPINPAVA","Q05695","1245;1246;1249;1250","Q05695_S1245;Q05695_S1246;Q05695_T1249;Q05695_S1250"
"DSLIDS#LT#","DSLIDSLT","6;8","6;8","S;T","MRDSLIDSLT_____;DSLIDSLT_______","Q3KRD8","243;245","Q3KRD8_S243;Q3KRD8_T245"
"ASIDT#PRFS#K","ASIDTPRFSK","5;9","5;9","T;S","QVRASIDTPRFSKDH;SIDTPRFSKDHKCSL","B0BNL6","117;121","B0BNL6_T117;B0BNL6_S121"
"AAQQQLQQDSGGGGGGGGGAGCPQQQQAQQQS#PR","AAQQQLQQDSGGGGGGGGGAGCPQQQQAQQQSPR","32","32","S","QQQAQQQSPRRVAVP","P23441","255","P23441_S255"
"KGES#QTDIEITR","KGESQTDIEITR","4","4","S","LEYKKGESQTDIEIT","Q6P502","252","Q6P502_S252"
"TGDLGIPPNPEDRS#PS#PEPIYNSEGK","TGDLGIPPNPEDRSPSPEPIYNSEGK","14;16","14;16","S;S","PPNPEDRSPSPEPIY;NPEDRSPSPEPIYNS","F1LSC3","90;92","F1LSC3_S90;F1LSC3_S92"
"SPS#PEPIYNSEGK","SPSPEPIYNSEGK","3","3","S","NPEDRSPSPEPIYNS","F1LSC3","92","F1LSC3_S92"
"S#PVTNIAR","SPVTNIAR","1","1","S","HARQQVRSPVTNIAR","P84092","45","P84092_S45"
"Y#IGRS#GIY#ET#RC","YIGRSGIYETRC","1;5;8;10","1;5;8;10","Y;S;Y;T","DVIKWVRYIGRSGIY;WVRYIGRSGIYETRC;YIGRSGIYETRC___;GRSGIYETRC_____","P84092","424;428;431;433","P84092_Y424;P84092_S428;P84092_Y431;P84092_T433"
"LAIQGPEDS#PSR","LAIQGPEDSPSR","9","9","S","AIQGPEDSPSRQSRR","A0A0G2K8Z8","257","A0A0G2K8Z8_S257"
"LAIQGPEDS#PS#RQS#R","LAIQGPEDSPSRQSR","9;11;14","9;11;14","S;S;S","AIQGPEDSPSRQSRR;QGPEDSPSRQSRRYD;EDSPSRQSRRYDW__","A0A0G2K8Z8","257;259;262","A0A0G2K8Z8_S257;A0A0G2K8Z8_S259;A0A0G2K8Z8_S262"
"VVS#S#IEQK","VVSSIEQK","3;4","3;4","S;S","RSSWRVVSSIEQKTE;SSWRVVSSIEQKTEG","P63102","63;64","P63102_S63;P63102_S64"
"FLIPNAS#QPES#K","FLIPNASQPESK","7;11","7;11","S;S","KFLIPNASQPESKVF;PNASQPESKVFYLKM","P63102","110;114","P63102_S110;P63102_S114"
"TAFDEAIAELDT#LS#EES#Y#KDSTLIMQLLR","TAFDEAIAELDTLSEESYKDSTLIMQLLR","12;14;17;18","12;14;17;18","T;S;S;Y","EAIAELDTLSEESYK;IAELDTLSEESYKDS;LDTLSEESYKDSTLI;DTLSEESYKDSTLIM","P63102","205;207;210;211","P63102_T205;P63102_S207;P63102_S210;P63102_Y211"
"TAFDEAIAELDTLS#EESYK","TAFDEAIAELDTLSEESYK","14","14","S","IAELDTLSEESYKDS","P63102","207","P63102_S207"
"TAFDEAIAELDTLSEES#YK","TAFDEAIAELDTLSEESYK","17","17","S","LDTLSEESYKDSTLI","P63102","210","P63102_S210"
"TAFDEAIAELDT#LS#EES#Y#KDS#T#LIMQLLR","TAFDEAIAELDTLSEESYKDSTLIMQLLR","12;14;17;18;21;22","12;14;17;18;21;22","T;S;S;Y;S;T","EAIAELDTLSEESYK;IAELDTLSEESYKDS;LDTLSEESYKDSTLI;DTLSEESYKDSTLIM;SEESYKDSTLIMQLL;EESYKDSTLIMQLLR","P63102","205;207;210;211;214;215","P63102_T205;P63102_S207;P63102_S210;P63102_Y211;P63102_S214;P63102_T215"
"DS#T#LIMQLLR","DSTLIMQLLR","2;3","2;3","S;T","NEESYKDSTLIMQLL;EESYKDSTLIMQLLR::SEDSYKDSTLIMQLL;EDSYKDSTLIMQLLR::SEESYKDSTLIMQLL;EESYKDSTLIMQLLR::SEESYKDSTLIMQLL;EESYKDSTLIMQLLR::NEDSYKDSTLIMQLL;EDSYKDSTLIMQLLR::NEDSYKDSTLIMQLL;EDSYKDSTLIMQLLR::NEDSYKDSTLIMQLL;EDSYKDSTLIMQLLR::SEDSYKDSTLIMQLL;EDSYKDSTLIMQLLR","P35213::Q5EBB0::P62260::P63102::P68255::P68511::P61983::G3V9A3","216;217::216;217::217;218::214;215::214;215::219;220::219;220::216;217","P35213_S216;P35213_T217::Q5EBB0_S216;Q5EBB0_T217::P62260_S217;P62260_T218::P63102_S214;P63102_T215::P68255_S214;P68255_T215::P68511_S219;P68511_T220::P61983_S219;P61983_T220::G3V9A3_S216;G3V9A3_T217"
"DNLTLWT#S#DT#QGDEAEAGEGGEN","DNLTLWTSDTQGDEAEAGEGGEN","7;8;10","7;8;10","T;S;T","RDNLTLWTSDTQGDE;DNLTLWTSDTQGDEA;LTLWTSDTQGDEAEA","P63102","229;230;232","P63102_T229;P63102_S230;P63102_T232"
"IQNTGDY#Y#DLYGGEK","IQNTGDYYDLYGGEK","7;8","7;8","Y;Y","KIQNTGDYYDLYGGE;IQNTGDYYDLYGGEK","P41499","62;63","P41499_Y62;P41499_Y63"
"GLQS#GVDIGVK","GLQSGVDIGVK","4","4","S","AKTKGLQSGVDIGVK","D3ZRX9","138","D3ZRX9_S138"
"AS#AS#EPPAS#PRDAADQNFDY#MFK","ASASEPPASPRDAADQNFDYMFK","2;4;9;20","2;4;9;20","S;S;S;Y","_____MASASEPPAS;___MASASEPPASPR;SASEPPASPRDAADQ;AADQNFDYMFKLLLI","Q63942","3;5;10;21","Q63942_S3;Q63942_S5;Q63942_S10;Q63942_Y21"
"MNESLEPS#S#S#PGS#NGK","MNESLEPSSSPGSNGK","8;9;10;13","8;9;10;13","S;S;S;S","MNESLEPSSSPGSNG;NESLEPSSSPGSNGK;ESLEPSSSPGSNGKG;EPSSSPGSNGKGPAL","Q63942","194;195;196;199","Q63942_S194;Q63942_S195;Q63942_S196;Q63942_S199"
"S#AGGDFGNPLRK","SAGGDFGNPLRK","1","1","S","______MSAGGDFGN::______MSAGGDFGN","A0A0G2JT78::Q9WVB1","2::2","A0A0G2JT78_S2::Q9WVB1_S2"
"S#REDMIDIK","SREDMIDIK","1","1","S","MESTQDRSREDMIDI","Q9WVB1","184","Q9WVB1_S184"
"TVAS#DLQK","TVASDLQK","4","4","S","LSLRTVASDLQKCDS","B2GUX8","342","B2GUX8_S342"
"GLS#DHAS#LDGQELGAQSR","GLSDHASLDGQELGAQSR","3;7","3;7","S;S","VEHLRGLSDHASLDG;RGLSDHASLDGQELG","B2GUX8","357;361","B2GUX8_S357;B2GUX8_S361"
"GLSDHAS#LDGQELGAQSR","GLSDHASLDGQELGAQSR","7","7","S","RGLSDHASLDGQELG","B2GUX8","361","B2GUX8_S361"
"RPNEDS#DEDEEKGAVVPPVHDIYR","RPNEDSDEDEEKGAVVPPVHDIYR","6","6","S","VKRPNEDSDEDEEKG","F1M4W7","691","F1M4W7_S691"
"VS#WEEVK","VSWEEVK","2","2","S","VDKLDKVSWEEVKNE","A0A8I6ALV4","134","A0A8I6ALV4_S134"
"NKVS#EEHDILK","NKVSEEHDILK","4","4","S","HQLRNKVSEEHDILK","F7F5Q9","62","F7F5Q9_S62"
"VYS#ES#YISR","VYSESYISR","3;5","3;5","S;S","FFCARVYSESYISRQ;CARVYSESYISRQTS","Q5BK58","344;346","Q5BK58_S344;Q5BK58_S346"
"VYSES#YISR","VYSESYISR","5","5","S","CARVYSESYISRQTS","Q5BK58","346","Q5BK58_S346"
"QT#S#ET#VENDNAS#S#FT#M","QTSETVENDNASSFTM","2;3;5;12;13;15","2;3;5;12;13;15","T;S;T;S;S;T","ESYISRQTSETVEND;SYISRQTSETVENDN;ISRQTSETVENDNAS;TVENDNASSFTM___;VENDNASSFTM____;NDNASSFTM______","Q5BK58","352;353;355;362;363;365","Q5BK58_T352;Q5BK58_S353;Q5BK58_T355;Q5BK58_S362;Q5BK58_S363;Q5BK58_T365"
"MT#PPLPAR","MTPPLPAR","2","2","T","RLSLSRMTPPLPARV","P47819","41","P47819_T41"
"VDYSVWDHIEVS#DDEDETHPNIDTASLFR","VDYSVWDHIEVSDDEDETHPNIDTASLFR","12","12","S","VWDHIEVSDDEDETH","Q63692","13","Q63692_S13"
"VDY#S#VWDHIEVS#DDEDET#HPNIDT#AS#LFR","VDYSVWDHIEVSDDEDETHPNIDTASLFR","3;4;12;18;24;26","3;4;12;18;24;26","Y;S;S;T;T;S","____MVDYSVWDHIE;___MVDYSVWDHIEV;VWDHIEVSDDEDETH;VSDDEDETHPNIDTA;ETHPNIDTASLFRWR;HPNIDTASLFRWRHQ","Q63692","4;5;13;19;25;27","Q63692_Y4;Q63692_S5;Q63692_S13;Q63692_T19;Q63692_T25;Q63692_S27"
"GS#PGGDLGAK","GSPGGDLGAK","2","2","S","ETEHAKGSPGGDLGA","A0A8I5ZLL5","38","A0A8I5ZLL5_S38"
"SDS#AS#DS#QEIK","SDSASDSQEIK","3;5;7","3;5;7","S;S;S","SGGTKSDSASDSQEI;GTKSDSASDSQEIKI;KSDSASDSQEIKIQQ","A0A8I5ZLL5","68;70;72","A0A8I5ZLL5_S68;A0A8I5ZLL5_S70;A0A8I5ZLL5_S72"
"S#MDVLPLDR","SMDVLPLDR","1","1","S","RNHDKNRSMDVLPLD","A0A8I5ZW41","1232","A0A8I5ZW41_S1232"
"T#IGGGDDS#FNT#FFS#ET#GAGK","TIGGGDDSFNTFFSETGAGK","1;8;11;14;16","1;8;11;14;16","T;S;T;S;T","GQMPSDKTIGGGDDS;TIGGGDDSFNTFFSE;GGDDSFNTFFSETGA;DSFNTFFSETGAGKH;FNTFFSETGAGKHVP::GQMPSDKTIGGGDDS;TIGGGDDSFNTFFSE;GGDDSFNTFFSETGA;DSFNTFFSETGAGKH;FNTFFSETGAGKHVP::GQMPSDKTIGGGDDS;TIGGGDDSFNTFFSE;GGDDSFNTFFSETGA;DSFNTFFSETGAGKH;FNTFFSETGAGKHVP::GQMPSDKTIGGGDDS;TIGGGDDSFNTFFSE;GGDDSFNTFFSETGA;DSFNTFFSETGAGKH;FNTFFSETGAGKHVP::GQMPSDKTIGGGDDS;TIGGGDDSFNTFFSE;GGDDSFNTFFSETGA;DSFNTFFSETGAGKH;FNTFFSETGAGKHVP","A0A8I6AF82::P68370::Q6AYZ1::Q68FR8::Q6P9V9","41;48;51;54;56::41;48;51;54;56::41;48;51;54;56::41;48;51;54;56::41;48;51;54;56","A0A8I6AF82_T41;A0A8I6AF82_S48;A0A8I6AF82_T51;A0A8I6AF82_S54;A0A8I6AF82_T56::P68370_T41;P68370_S48;P68370_T51;P68370_S54;P68370_T56::Q6AYZ1_T41;Q6AYZ1_S48;Q6AYZ1_T51;Q6AYZ1_S54;Q6AYZ1_T56::Q68FR8_T41;Q68FR8_S48;Q68FR8_T51;Q68FR8_S54;Q68FR8_T56::Q6P9V9_T41;Q6P9V9_S48;Q6P9V9_T51;Q6P9V9_S54;Q6P9V9_T56"
"TIGGGDDS#FNT#FFS#ET#GAGK","TIGGGDDSFNTFFSETGAGK","8;11;14;16","8;11;14;16","S;T;S;T","TIGGGDDSFNTFFSE;GGDDSFNTFFSETGA;DSFNTFFSETGAGKH;FNTFFSETGAGKHVP::TIGGGDDSFNTFFSE;GGDDSFNTFFSETGA;DSFNTFFSETGAGKH;FNTFFSETGAGKHVP::TIGGGDDSFNTFFSE;GGDDSFNTFFSETGA;DSFNTFFSETGAGKH;FNTFFSETGAGKHVP::TIGGGDDSFNTFFSE;GGDDSFNTFFSETGA;DSFNTFFSETGAGKH;FNTFFSETGAGKHVP::TIGGGDDSFNTFFSE;GGDDSFNTFFSETGA;DSFNTFFSETGAGKH;FNTFFSETGAGKHVP","A0A8I6AF82::P68370::Q6AYZ1::Q68FR8::Q6P9V9","48;51;54;56::48;51;54;56::48;51;54;56::48;51;54;56::48;51;54;56","A0A8I6AF82_S48;A0A8I6AF82_T51;A0A8I6AF82_S54;A0A8I6AF82_T56::P68370_S48;P68370_T51;P68370_S54;P68370_T56::Q6AYZ1_S48;Q6AYZ1_T51;Q6AYZ1_S54;Q6AYZ1_T56::Q68FR8_S48;Q68FR8_T51;Q68FR8_S54;Q68FR8_T56::Q6P9V9_S48;Q6P9V9_T51;Q6P9V9_S54;Q6P9V9_T56"
"TIGGGDDSFNT#FFS#ET#GAGK","TIGGGDDSFNTFFSETGAGK","11;14;16","11;14;16","T;S;T","GGDDSFNTFFSETGA;DSFNTFFSETGAGKH;FNTFFSETGAGKHVP::GGDDSFNTFFSETGA;DSFNTFFSETGAGKH;FNTFFSETGAGKHVP::GGDDSFNTFFSETGA;DSFNTFFSETGAGKH;FNTFFSETGAGKHVP::GGDDSFNTFFSETGA;DSFNTFFSETGAGKH;FNTFFSETGAGKHVP::GGDDSFNTFFSETGA;DSFNTFFSETGAGKH;FNTFFSETGAGKHVP","A0A8I6AF82::P68370::Q6AYZ1::Q68FR8::Q6P9V9","51;54;56::51;54;56::51;54;56::51;54;56::51;54;56","A0A8I6AF82_T51;A0A8I6AF82_S54;A0A8I6AF82_T56::P68370_T51;P68370_S54;P68370_T56::Q6AYZ1_T51;Q6AYZ1_S54;Q6AYZ1_T56::Q68FR8_T51;Q68FR8_S54;Q68FR8_T56::Q6P9V9_T51;Q6P9V9_S54;Q6P9V9_T56"
"LS#VDYGK","LSVDYGK","2","2","S","SLLMERLSVDYGKKS::SLLMERLSVDYGKKS::SLLMERLSVDYGKKS::SLLMERLSVDYGKKS::SLLMERLSVDYGKKS::SLLMERLSVDYGKKS","A0A8I6AF82::P68370::Q6AYZ1::Q5XIF6::Q68FR8::Q6P9V9","137::158::158::158::158::158","A0A8I6AF82_S137::P68370_S158::Q6AYZ1_S158::Q5XIF6_S158::Q68FR8_S158::Q6P9V9_S158"
"NLDIERPT#Y#T#NLNR","NLDIERPTYTNLNR","8;9;10","8;9;10","T;Y;T","NLDIERPTYTNLNRL;LDIERPTYTNLNRLI;DIERPTYTNLNRLIG::NLDIERPTYTNLNRL;LDIERPTYTNLNRLI;DIERPTYTNLNRLIS::NLDIERPTYTNLNRL;LDIERPTYTNLNRLI;DIERPTYTNLNRLIS::NLDIERPTYTNLNRL;LDIERPTYTNLNRLI;DIERPTYTNLNRLIG::NLDIERPTYTNLNRL;LDIERPTYTNLNRLI;DIERPTYTNLNRLIS::NLDIERPTYTNLNRL;LDIERPTYTNLNRLI;DIERPTYTNLNRLIS","P68370::Q6AYZ1::Q5XIF6::Q68FR8::Q6P9V9::Q6AY56","223;224;225::223;224;225::223;224;225::223;224;225::223;224;225::223;224;225","P68370_T223;P68370_Y224;P68370_T225::Q6AYZ1_T223;Q6AYZ1_Y224;Q6AYZ1_T225::Q5XIF6_T223;Q5XIF6_Y224;Q5XIF6_T225::Q68FR8_T223;Q68FR8_Y224;Q68FR8_T225::Q6P9V9_T223;Q6P9V9_Y224;Q6P9V9_T225::Q6AY56_T223;Q6AY56_Y224;Q6AY56_T225"
"NLDIERPT#YT#NLNR","NLDIERPTYTNLNR","8;10","8;10","T;T","NLDIERPTYTNLNRL;DIERPTYTNLNRLIG::NLDIERPTYTNLNRL;DIERPTYTNLNRLIS::NLDIERPTYTNLNRL;DIERPTYTNLNRLIS::NLDIERPTYTNLNRL;DIERPTYTNLNRLIG::NLDIERPTYTNLNRL;DIERPTYTNLNRLIS::NLDIERPTYTNLNRL;DIERPTYTNLNRLIS","P68370::Q6AYZ1::Q5XIF6::Q68FR8::Q6P9V9::Q6AY56","223;225::223;225::223;225::223;225::223;225::223;225","P68370_T223;P68370_T225::Q6AYZ1_T223;Q6AYZ1_T225::Q5XIF6_T223;Q5XIF6_T225::Q68FR8_T223;Q68FR8_T225::Q6P9V9_T223;Q6P9V9_T225::Q6AY56_T223;Q6AY56_T225"
"S#IQFVDWCPTGFK","SIQFVDWCPTGFK","1","1","S","AAIKTKRSIQFVDWC::ATIKTKRSIQFVDWC","Q5XIF6::Q6P9V9","340::340","Q5XIF6_S340::Q6P9V9_S340"
"DYEEVGVDS#VEGEGEEEGEEY","DYEEVGVDSVEGEGEEEGEEY","9","9","S","YEEVGVDSVEGEGEE::YEEVGVDSVEGEGEE","P68370::Q6P9V9","439::439","P68370_S439::Q6P9V9_S439"
"DYEEVGIDS#Y#EDEDEGEE","DYEEVGIDSYEDEDEGEE","9;10","9;10","S;Y","YEEVGIDSYEDEDEG;EEVGIDSYEDEDEGE","Q5XIF6","439;440","Q5XIF6_S439;Q5XIF6_Y440"
"ISVYYNEAT#GGK","ISVYYNEATGGK","9","9","T","SVYYNEATGGKYVPR","P69897","55","P69897_T55"
"AILVDLEPGTMDS#VR","AILVDLEPGTMDSVR","13","13","S","LEPGTMDSVRSGPFG::LEPGTMDSVRSGAFG::LEPGTMDSVRSGPFG::LEPGTMDSVRSGPFG","P69897::Q4QRB4::P85108::Q3KRE8","75::75::75::75","P69897_S75::Q4QRB4_S75::P85108_S75::Q3KRE8_S75"
"EIEQEETLSAPS#PS#PS#PS#S#K","EIEQEETLSAPSPSPSPSSK","12;14;16;18;19","12;14;16;18;19","S;S;S;S;S","EETLSAPSPSPSPSS;TLSAPSPSPSPSSKS;SAPSPSPSPSSKSSG;PSPSPSPSSKSSGKK;SPSPSPSSKSSGKKS","G3V857","184;186;188;190;191","G3V857_S184;G3V857_S186;G3V857_S188;G3V857_S190;G3V857_S191"
"EIEQEETLS#APS#PS#PS#PS#S#K","EIEQEETLSAPSPSPSPSSK","9;12;14;16;18;19","9;12;14;16;18;19","S;S;S;S;S;S","IEQEETLSAPSPSPS;EETLSAPSPSPSPSS;TLSAPSPSPSPSSKS;SAPSPSPSPSSKSSG;PSPSPSPSSKSSGKK;SPSPSPSSKSSGKKS","G3V857","181;184;186;188;190;191","G3V857_S181;G3V857_S184;G3V857_S186;G3V857_S188;G3V857_S190;G3V857_S191"
"S#T#GNLLDDAVK","STGNLLDDAVK","1;2","1;2","S;T","SKSSGKKSTGNLLDD;KSSGKKSTGNLLDDA","G3V857","198;199","G3V857_S198;G3V857_T199"
"VDGKT#S#PVQSK","VDGKTSPVQSK","5;6","5;6","T;S","ISRVDGKTSPVQSKS;SRVDGKTSPVQSKSP","G3V857","282;283","G3V857_T282;G3V857_S283"
"T#S#LGS#LK","TSLGSLK","1;2;5","1;2;5","T;S;S","RPVAREKTSLGSLKR;PVAREKTSLGSLKRA;REKTSLGSLKRASVD","Q7TMB0","342;343;346","Q7TMB0_T342;Q7TMB0_S343;Q7TMB0_S346"
"ADKPDMGEIAS#FDK","ADKPDMGEIASFDK","11","11","S","PDMGEIASFDKAKLK::PDMGEIASFDKAKLK::PDMGEIASFDKAKLK","P63312::A0A8L2QPJ1::A0A8I6GL50","12::12::48","P63312_S12::A0A8L2QPJ1_S12::A0A8I6GL50_S48"
"NTLPT#KET#IEQEK","NTLPTKETIEQEK","5;8","5;8","T;T","QEKNTLPTKETIEQE;NTLPTKETIEQEKRS","P63312","31;34","P63312_T31;P63312_T34"
"ETIEQEKRS#EIS#","ETIEQEKRSEIS","9;12","9;12","S;S","TIEQEKRSEIS____;QEKRSEIS_______::TIEQEKRSEIS____;QEKRSEIS_______::TIEQEKRSEIS____;QEKRSEIS_______","P63312::A0A8L2QPJ1::A0A8I6GL50","41;44::41;44::76;79","P63312_S41;P63312_S44::A0A8L2QPJ1_S41;A0A8L2QPJ1_S44::A0A8I6GL50_S76;A0A8I6GL50_S79"
"SLKES#EALPEK","SLKESEALPEK","5","5","S","VSKSLKESEALPEKE","P85125","177","P85125_S177"
"GS#S#PDVHT#LLEITEESDAVLVDK","GSSPDVHTLLEITEESDAVLVDK","2;3;8","2;3;8","S;S;T","ETDLLRGSSPDVHTL;TDLLRGSSPDVHTLL;GSSPDVHTLLEITEE","P85125","367;368;373","P85125_S367;P85125_S368;P85125_T373"
"GS#S#PDVHT#LLEIT#EES#DAVLVDKS#DS#D","GSSPDVHTLLEITEESDAVLVDKSDSD","2;3;8;13;16;24;26","2;3;8;13;16;24;26","S;S;T;T;S;S;S","ETDLLRGSSPDVHTL;TDLLRGSSPDVHTLL;GSSPDVHTLLEITEE;VHTLLEITEESDAVL;LLEITEESDAVLVDK;DAVLVDKSDSD____;VLVDKSDSD______","P85125","367;368;373;378;381;389;391","P85125_S367;P85125_S368;P85125_T373;P85125_T378;P85125_S381;P85125_S389;P85125_S391"
"GS#S#PDVHT#LLEITEES#DAVLVDK","GSSPDVHTLLEITEESDAVLVDK","2;3;8;16","2;3;8;16","S;S;T;S","ETDLLRGSSPDVHTL;TDLLRGSSPDVHTLL;GSSPDVHTLLEITEE;LLEITEESDAVLVDK","P85125","367;368;373;381","P85125_S367;P85125_S368;P85125_T373;P85125_S381"
"GSSPDVHTLLEITEESDAVLVDKS#DS#D","GSSPDVHTLLEITEESDAVLVDKSDSD","24;26","24;26","S;S","DAVLVDKSDSD____;VLVDKSDSD______","P85125","389;391","P85125_S389;P85125_S391"
"SVGKVEPS#S#QS#PGRS#PR","SVGKVEPSSQSPGRSPR","8;9;11;15","8;9;11;15","S;S;S;S","SVGKVEPSSQSPGRS;VGKVEPSSQSPGRSP;KVEPSSQSPGRSPRL;SSQSPGRSPRLPRSP","Q811U3","14;15;17;21","Q811U3_S14;Q811U3_S15;Q811U3_S17;Q811U3_S21"
"LPRS#PR","LPRSPR","4","4","S","RSPRLPRSPRLGHRR::RSPRLPRSPRLGHRR::GHSTLPRSPRDAQCS","Q8K3M6::Q811U3::F7FBH3","24::27::946","Q8K3M6_S24::Q811U3_S27::F7FBH3_S946"
"TFWS#PELKK","TFWSPELKK","4","4","S","NSIKTFWSPELKKER::NSIKTFWSPELKKER","Q8K3M6::Q811U3","187::191","Q8K3M6_S187::Q811U3_S191"
"REDS#LS#DS#SQQLQVEELLMAMEK","REDSLSDSSQQLQVEELLMAMEK","4;6;8","4;6;8","S;S;S","EARRREDSLSDSSQQ;RRREDSLSDSSQQLQ;REDSLSDSSQQLQVE","Q811U3","796;798;800","Q811U3_S796;Q811U3_S798;Q811U3_S800"
"SNQTNHKPS#PDQDEEEGIWA","SNQTNHKPSPDQDEEEGIWA","9","9","S","NQTNHKPSPDQDEEE","Q811U3","937","Q811U3_S937"
"RLS#AMEK","RLSAMEK","3","3","S","AALQRRLSAMEKGKF","P06907","195","P06907_S195"
"WT#LS#S#FAEK","WTLSSFAEK","2;4;5","2;4;5","T;S;S","EPPCTKWTLSSFAEK;PCTKWTLSSFAEKHY;CTKWTLSSFAEKHYA","Q6UY90","717;719;720","Q6UY90_T717;Q6UY90_S719;Q6UY90_S720"
"HHS#ES#EERTETR","HHSESEERTETR","3;5","3;5","S;S","RRKSRHHSESEERTE;KSRHHSESEERTETR","A0A8I6AUH3","39;41","A0A8I6AUH3_S39;A0A8I6AUH3_S41"
"NLPLPDTIQDIQKQS#VK","NLPLPDTIQDIQKQSVK","15","15","S","IQDIQKQSVKKVTHD","Q3ZAV1","534","Q3ZAV1_S534"
"S#PPVQPHT#PVTISLGTAPSLQNNQPVEFNHAINYVNK","SPPVQPHTPVTISLGTAPSLQNNQPVEFNHAINYVNK","1;8","1;8","S;T","PPYASPRSPPVQPHT;SPPVQPHTPVTISLG","D3ZBP2","277;284","D3ZBP2_S277;D3ZBP2_T284"
"T#QY#EEHIY#R","TQYEEHIYR","1;3;8","1;3;8","T;Y;Y","TFVSSKKTQYEEHIY;VSSKKTQYEEHIYRC;TQYEEHIYRCEDERF","D3ZBP2","604;606;611","D3ZBP2_T604;D3ZBP2_Y606;D3ZBP2_Y611"
"GDLS#DVEEEEEEEMDVDEATGAPK","GDLSDVEEEEEEEMDVDEATGAPK","4","4","S","FAQRGDLSDVEEEEE","D3ZBP2","833","D3ZBP2_S833"
"DKS#DS#PAIQLR","DKSDSPAIQLR","3;5","3;5","S;S","LGIKRDKSDSPAIQL;IKRDKSDSPAIQLRL","D3ZBP2","939;941","D3ZBP2_S939;D3ZBP2_S941"
"S#DS#PAIQLR","SDSPAIQLR","1;3","1;3","S;S","LGIKRDKSDSPAIQL;IKRDKSDSPAIQLRL","D3ZBP2","939;941","D3ZBP2_S939;D3ZBP2_S941"
"YMSSDT#T#S#PELR","YMSSDTTSPELR","6;7;8","6;7;8","T;T;S","ERYMSSDTTSPELRE;RYMSSDTTSPELREH;YMSSDTTSPELREHL","D3ZBP2","1114;1115;1116","D3ZBP2_T1114;D3ZBP2_T1115;D3ZBP2_S1116"
"YMSSDTT#S#PELR","YMSSDTTSPELR","7;8","7;8","T;S","RYMSSDTTSPELREH;YMSSDTTSPELREHL","D3ZBP2","1115;1116","D3ZBP2_T1115;D3ZBP2_S1116"
"AIS#PTSATSSGR","AISPTSATSSGR","3","3","S","QDDEKAISPTSATSS","Q9QYF3","600","Q9QYF3_S600"
"KIGELEVGQMENIS#PGQIIDEPIRPVNIPR","KIGELEVGQMENISPGQIIDEPIRPVNIPR","14","14","S","VGQMENISPGQIIDE","Q9QYF3","1425","Q9QYF3_S1425"
"RT#S#S#IADEGTYTLDSILR","RTSSIADEGTYTLDSILR","2;3;4","2;3;4","T;S;S","PTGLRKRTSSIADEG;TGLRKRTSSIADEGT;GLRKRTSSIADEGTY","Q9QYF3","1623;1624;1625","Q9QYF3_T1623;Q9QYF3_S1624;Q9QYF3_S1625"
"T#S#S#IADEGTYTLDSILR","TSSIADEGTYTLDSILR","1;2;3","1;2;3","T;S;S","PTGLRKRTSSIADEG;TGLRKRTSSIADEGT;GLRKRTSSIADEGTY","Q9QYF3","1623;1624;1625","Q9QYF3_T1623;Q9QYF3_S1624;Q9QYF3_S1625"
"S#LESTNVTDK","SLESTNVTDK","1","1","S","PCAICGKSLESTNVT","P50463","153","P50463_S153"
"SLES#T#NVTDK","SLESTNVTDK","4;5","4;5","S;T","ICGKSLESTNVTDKD;CGKSLESTNVTDKDG","P50463","156;157","P50463_S156;P50463_T157"
"YIS#FEER","YISFEER","3","3","S","LGGTKYISFEERQWH","O35115","238","O35115_S238"
"ASS#RVS#GGFPEDSSK","ASSRVSGGFPEDSSK","3;6","3;6","S;S","VARVRASSRVSGGFP;VRASSRVSGGFPEDS","O70257","126;129","O70257_S126;O70257_S129"
"VS#GGFPEDSSK","VSGGFPEDSSK","2","2","S","VRASSRVSGGFPEDS","O70257","129","O70257_S129"
"LDS#PGNLDTLQAK","LDSPGNLDTLQAK","3","3","S","ALGGRLDSPGNLDTL","P63014","21","P63014_S21"
"SLLESPGLT#S#GS#DT#PQQDNDQLNSEEK","SLLESPGLTSGSDTPQQDNDQLNSEEK","9;10;12;14","9;10;12;14","T;S;S;T","LLESPGLTSGSDTPQ;LESPGLTSGSDTPQQ;SPGLTSGSDTPQQDN;GLTSGSDTPQQDNDQ","P63014","71;72;74;76","P63014_T71;P63014_S72;P63014_S74;P63014_T76"
"KRDS#FR","KRDSFR","4","4","S","HNLDKRDSFRRTRFS","A0A8I6A829","1009","A0A8I6A829_S1009"
"SPS#PTFSWLPNK","SPSPTFSWLPNK","3","3","S","RSPSRSPSPTFSWLP","Q9QZC4","335","Q9QZC4_S335"
"SPS#PT#FS#WLPNKT#S#PPS#S#PK","SPSPTFSWLPNKTSPPSSPK","3;5;7;13;14;17;18","3;5;7;13;14;17;18","S;T;S;T;S;S;S","RSPSRSPSPTFSWLP;PSRSPSPTFSWLPNK;RSPSPTFSWLPNKTS;FSWLPNKTSPPSSPK;SWLPNKTSPPSSPKA;PNKTSPPSSPKAASA;NKTSPPSSPKAASAS","Q9QZC4","335;337;339;345;346;349;350","Q9QZC4_S335;Q9QZC4_T337;Q9QZC4_S339;Q9QZC4_T345;Q9QZC4_S346;Q9QZC4_S349;Q9QZC4_S350"
"SPSPTFSWLPNKT#S#PPS#S#PK","SPSPTFSWLPNKTSPPSSPK","13;14;17;18","13;14;17;18","T;S;S;S","FSWLPNKTSPPSSPK;SWLPNKTSPPSSPKA;PNKTSPPSSPKAASA;NKTSPPSSPKAASAS","Q9QZC4","345;346;349;350","Q9QZC4_T345;Q9QZC4_S346;Q9QZC4_S349;Q9QZC4_S350"
"S#PS#PT#FSWLPNKT#S#PPS#S#PK","SPSPTFSWLPNKTSPPSSPK","1;3;5;13;14;17;18","1;3;5;13;14;17;18","S;S;T;T;S;S;S","RSRSPSRSPSPTFSW;RSPSRSPSPTFSWLP;PSRSPSPTFSWLPNK;FSWLPNKTSPPSSPK;SWLPNKTSPPSSPKA;PNKTSPPSSPKAASA;NKTSPPSSPKAASAS","Q9QZC4","333;335;337;345;346;349;350","Q9QZC4_S333;Q9QZC4_S335;Q9QZC4_T337;Q9QZC4_T345;Q9QZC4_S346;Q9QZC4_S349;Q9QZC4_S350"
"AASASISSMS#EGDEDEK","AASASISSMSEGDEDEK","10","10","S","SASISSMSEGDEDEK","Q9QZC4","362","Q9QZC4_S362"
"RNLLEDDS#DEEEDFFLR","RNLLEDDSDEEEDFFLR","8","8","S","RNLLEDDSDEEEDFF","A0A096MJ99","30","A0A096MJ99_S30"
"QHS#GLK","QHSGLK","3","3","S","ESLHEQHSGLKQSEA::SQDHFQHSGLKSGSA","F1LQQ5::A0A8I6AD01","301::238","F1LQQ5_S301::A0A8I6AD01_S238"
"S#PDFNLT#GS#QS#NMLK","SPDFNLTGSQSNMLK","1;7;9;11","1;7;9;11","S;T;S;S","HIEEKKKSPDFNLTG;KSPDFNLTGSQSNML;PDFNLTGSQSNMLKL;FNLTGSQSNMLKLLR","Q00959","882;888;890;892","Q00959_S882;Q00959_T888;Q00959_S890;Q00959_S892"
"SPDFNLTGS#QS#NMLK","SPDFNLTGSQSNMLK","9;11","9;11","S;S","PDFNLTGSQSNMLKL;FNLTGSQSNMLKLLR","Q00959","890;892","Q00959_S890;Q00959_S892"
"GS#LIVDMVSDK","GSLIVDMVSDK","2","2","S","TDFIQRGSLIVDMVS","Q00959","929","Q00959_S929"
"QDS#LNQNPVSQR","QDSLNQNPVSQR","3","3","S","MESLRQDSLNQNPVS","Q00959","1025","Q00959_S1025"
"YLPEEVAHS#DIS#ET#SSR","YLPEEVAHSDISETSSR","9;12;14","9;12;14","S;S;T","LPEEVAHSDISETSS;EVAHSDISETSSRAT;AHSDISETSSRATCH","Q00959","1059;1062;1064","Q00959_S1059;Q00959_S1062;Q00959_T1064"
"DKGS#PHSEGSDR","DKGSPHSEGSDR","4","4","S","FTLKDKGSPHSEGSD","Q00959","1198","Q00959_S1198"
"QHS#YDNILDK","QHSYDNILDK","3","3","S","LRINRQHSYDNILDK","Q00959","1291","Q00959_S1291"
"KMPS#IESDV","KMPSIESDV","4","4","S","RVYKKMPSIESDV__","Q00959","1459","Q00959_S1459"
"KMPS#IES#DV","KMPSIESDV","4;7","4;7","S;S","RVYKKMPSIESDV__;KKMPSIESDV_____","Q00959","1459;1462","Q00959_S1459;Q00959_S1462"
"NLLS#VAYK","NLLSVAYK","4","4","S","NEERNLLSVAYKNVV::FEERNLLSVAYKNVV::VEERNLLSVAYKNVI::NEERNLLSVAYKNVV::NEERNLLSVAYKNVV::NEDRNLLSVAYKNVV::NEERNLLSVAYKNVV::CEERNLLSVAYKNVV","P35213::Q5EBB0::P62260::P63102::P68255::P68511::P61983::G3V9A3","47::45::46::45::45::46::46::45","P35213_S47::Q5EBB0_S45::P62260_S46::P63102_S45::P68255_S45::P68511_S46::P61983_S46::G3V9A3_S45"
"IIS#S#IEQK","IISSIEQK","3;4","3;4","S;S","RASWRIISSIEQKEE;ASWRIISSIEQKEEN","P62260","64;65","P62260_S64;P62260_S65"
"Y#LAEFATGNDR","YLAEFATGNDR","1","1","Y","MKGDYHRYLAEFATG","P62260","131","P62260_Y131"
"YLAEFAT#GNDR","YLAEFATGNDR","7","7","T","RYLAEFATGNDRKEA","P62260","137","P62260_T137"
"AAFDDAIAELDT#LS#EES#Y#KDS#TLIMQLLR","AAFDDAIAELDTLSEESYKDSTLIMQLLR","12;14;17;18;21","12;14;17;18;21","T;S;S;Y;S","DAIAELDTLSEESYK;IAELDTLSEESYKDS;LDTLSEESYKDSTLI;DTLSEESYKDSTLIM;SEESYKDSTLIMQLL","P62260","208;210;213;214;217","P62260_T208;P62260_S210;P62260_S213;P62260_Y214;P62260_S217"
"AAFDDAIAELDTLS#EESYK","AAFDDAIAELDTLSEESYK","14","14","S","IAELDTLSEESYKDS","P62260","210","P62260_S210"
"AAFDDAIAELDTLS#EES#Y#K","AAFDDAIAELDTLSEESYK","14;17;18","14;17;18","S;S;Y","IAELDTLSEESYKDS;LDTLSEESYKDSTLI;DTLSEESYKDSTLIM","P62260","210;213;214","P62260_S210;P62260_S213;P62260_Y214"
"GPGLGS#T#QGQTIALPAQGLIEFR","GPGLGSTQGQTIALPAQGLIEFR","6;7","6;7","S;T","NRGPGLGSTQGQTIA;RGPGLGSTQGQTIAL::QRGPGLGSTQGQTIA;RGPGLGSTQGQTIAL","A0A8I5YBE8::P86252","181;182::70;71","A0A8I5YBE8_S181;A0A8I5YBE8_T182::P86252_S70;P86252_T71"
"GPGLGS#T#QGQT#IALPAQGLIEFR","GPGLGSTQGQTIALPAQGLIEFR","6;7;11","6;7;11","S;T;T","NRGPGLGSTQGQTIA;RGPGLGSTQGQTIAL;LGSTQGQTIALPAQG::QRGPGLGSTQGQTIA;RGPGLGSTQGQTIAL;LGSTQGQTIALPAQG","A0A8I5YBE8::P86252","181;182;186::70;71;75","A0A8I5YBE8_S181;A0A8I5YBE8_T182;A0A8I5YBE8_T186::P86252_S70;P86252_T71;P86252_T75"
"NS#IT#VPYK","NSITVPYK","2;4","2;4","S;T","VKPTYRNSITVPYKV;PTYRNSITVPYKVWA","A0A8I5YBE8","255;257","A0A8I5YBE8_S255;A0A8I5YBE8_T257"
"KGS#GFGHR","KGSGFGHR","3","3","S","NPPSRKGSGFGHRLS","P08033","233","P08033_S233"
"KGS#GFGHRLS#PEY#K","KGSGFGHRLSPEYK","3;10;13","3;10;13","S;S;Y","NPPSRKGSGFGHRLS;SGFGHRLSPEYKQNE;GHRLSPEYKQNEINK","P08033","233;240;243","P08033_S233;P08033_S240;P08033_Y243"
"LLSEQDGS#LKDILR","LLSEQDGSLKDILR","8","8","S","LLSEQDGSLKDILRR","P08033","258","P08033_S258"
"S#PGTGAGLAEK","SPGTGAGLAEK","1","1","S","LKDILRRSPGTGAGL","P08033","266","P08033_S266"
"LES#GRADS#EDEEER","LESGRADSEDEEER","3;8","3;8","S;S","HFSLRLESGRADSED;LESGRADSEDEEERL","Q5XI70","111;116","Q5XI70_S111;Q5XI70_S116"
"YHGHS#MSDPGISYR","YHGHSMSDPGISYR","5","5","S","TYRYHGHSMSDPGIS","Q06437","294","Q06437_S294"
"YHGHS#MS#DPGISYR","YHGHSMSDPGISYR","5;7","5;7","S;S","TYRYHGHSMSDPGIS;RYHGHSMSDPGISYR","Q06437","294;296","Q06437_S294;Q06437_S296"
"VQDAY#T#LR","VQDAYTLR","5;6","5;6","Y;T","CDRVQDAYTLRCCPQ;DRVQDAYTLRCCPQV","P21213","395;396","P21213_Y395;P21213_T396"
"MEHIPES#RPLS#PT#AFSLESLRK","MEHIPESRPLSPTAFSLESLRK","7;11;13","7;11;13","S;S;T","RMEHIPESRPLSPTA;IPESRPLSPTAFSLE;ESRPLSPTAFSLESL","P21213","631;635;637","P21213_S631;P21213_S635;P21213_T637"
"PLS#PTAFSLESLRK","PLSPTAFSLESLRK","3","3","S","IPESRPLSPTAFSLE","P21213","635","P21213_S635"
"MEHIPES#RPLS#PT#AFSLESLR","MEHIPESRPLSPTAFSLESLR","7;11;13","7;11;13","S;S;T","RMEHIPESRPLSPTA;IPESRPLSPTAFSLE;ESRPLSPTAFSLESL","P21213","631;635;637","P21213_S631;P21213_S635;P21213_T637"
"KNS#AT#IPESDDL","KNSATIPESDDL","3;5","3;5","S;T","LESLRKNSATIPESD;SLRKNSATIPESDDL","P21213","648;650","P21213_S648;P21213_T650"
"ACGAT#LK","ACGATLK","5","5","T","__MACGATLKRTLDF::__MACGATLKRPMEF","Q25C79::A0A8I5Y994","6::6","Q25C79_T6::A0A8I5Y994_T6"
"TLDFDPLLSPAS#PK","TLDFDPLLSPASPK","12","12","S","DPLLSPASPKRRRCA","Q25C79","21","Q25C79_S21"
"DIET#FY#NT#S#IEEMPLNVADLI","DIETFYNTSIEEMPLNVADLI","4;6;8;9","4;6;8;9","T;Y;T;S","RTLRDIETFYNTSIE;LRDIETFYNTSIEEM;DIETFYNTSIEEMPL;IETFYNTSIEEMPLN","F7F7A6","394;396;398;399","F7F7A6_T394;F7F7A6_Y396;F7F7A6_T398;F7F7A6_S399"
"APDPEGLARPVS#PDS#PEIISELQQYADVAAAR","APDPEGLARPVSPDSPEIISELQQYADVAAAR","12;15","12;15","S;S","EGLARPVSPDSPEII;ARPVSPDSPEIISEL","M0RBE0","1168;1171","M0RBE0_S1168;M0RBE0_S1171"
"APDPEGLARPVS#PDS#PEIIS#ELQQY#ADVAAAR","APDPEGLARPVSPDSPEIISELQQYADVAAAR","12;15;20;25","12;15;20;25","S;S;S;Y","EGLARPVSPDSPEII;ARPVSPDSPEIISEL;PDSPEIISELQQYAD;IISELQQYADVAAAR","M0RBE0","1168;1171;1176;1181","M0RBE0_S1168;M0RBE0_S1171;M0RBE0_S1176;M0RBE0_Y1181"
"IY#QY#IQSR","IYQYIQSR","2;4","2;4","Y;Y","CQLGQRIYQYIQSRF;LGQRIYQYIQSRFYR::CQLGQRIYQYIQSRF;LGQRIYQYIQSRFYR","A0A0G2KAP6::Q63470","331;333::319;321","A0A0G2KAP6_Y331;A0A0G2KAP6_Y333::Q63470_Y319;Q63470_Y321"
"IYQY#IQSR","IYQYIQSR","4","4","Y","LGQRIYQYIQSRFYR::LGQRIYQYIQSRFYR","A0A0G2KAP6::Q63470","333::321","A0A0G2KAP6_Y333::Q63470_Y321"
"DIDLFGS#DEEEEDK","DIDLFGSDEEEEDK","7","7","S","NDIDLFGSDEEEEDK","Q68FR9","162","Q68FR9_S162"
"APTTALPQGVVMAAS#PGS#LHS#PQQLAEEATR","APTTALPQGVVMAASPGSLHSPQQLAEEATR","15;18;21","15;18;21","S;S;S","QGVVMAASPGSLHSP;VMAASPGSLHSPQQL;ASPGSLHSPQQLAEE","Q03061","284;287;290","Q03061_S284;Q03061_S287;Q03061_S290"
"APTTALPQGVVMAAS#PGS#LHS#PQQLAEEAT#R","APTTALPQGVVMAASPGSLHSPQQLAEEATR","15;18;21;30","15;18;21;30","S;S;S;T","QGVVMAASPGSLHSP;VMAASPGSLHSPQQL;ASPGSLHSPQQLAEE;QQLAEEATRKRELRL","Q03061","284;287;290;299","Q03061_S284;Q03061_S287;Q03061_S290;Q03061_T299"
"GS#VSDEEMMELR","GSVSDEEMMELR","2","2","S","AVKMARGSVSDEEMM","A0A0G2K014","23","A0A0G2K014_S23"
"GS#VS#DEEMMELR","GSVSDEEMMELR","2;4","2;4","S;S","AVKMARGSVSDEEMM;KMARGSVSDEEMMEL","A0A0G2K014","23;25","A0A0G2K014_S23;A0A0G2K014_S25"
"Y#AFVNWINK","YAFVNWINK","1","1","Y","SYSEEEKYAFVNWIN::SYSEEEKYAFVNWIN","Q63598::A0A0G2K014","127::142","Q63598_Y127::A0A0G2K014_Y142"
"EGES#LEDLMKLSPEELLLR","EGESLEDLMKLSPEELLLR","4","4","S","ALLREGESLEDLMKL","A0A0G2K014","275","A0A0G2K014_S275"
"ITNFS#T#DIK","ITNFSTDIK","5;6","5;6","S;T","CTKITNFSTDIKDSK;TKITNFSTDIKDSKA","A0A0G2K014","308;309","A0A0G2K014_S308;A0A0G2K014_T309"
"MELS#PR","MELSPR","4","4","S","____MELSPRSPPEM::VSKTMELSPRTLLSP","Q01066::F1M4Q6","4::2807","Q01066_S4::F1M4Q6_S2807"
"QPS#LDVDVGDPNPDVVSFR","QPSLDVDVGDPNPDVVSFR","3","3","S","SFQWRQPSLDVDVGD","Q01066","465","Q01066_S465"
"RLGT#PPGGGAAGK","RLGTPPGGGAAGK","4","4","T","AADKRLGTPPGGGAA","Q9JKB0","39","Q9JKB0_T39"
"LEQNGS#PLGR","LEQNGSPLGR","6","6","S","ARLEQNGSPLGRGRL","A0A0G2JYZ8","38","A0A0G2JYZ8_S38"
"QPT#VAS#S#AES#DEENR","QPTVASSAESDEENR","3;6;7;10","3;6;7;10","T;S;S;S","RLPPRQPTVASSAES;PRQPTVASSAESDEE;RQPTVASSAESDEEN;TVASSAESDEENRQK","A0A0G2JYZ8","663;666;667;670","A0A0G2JYZ8_T663;A0A0G2JYZ8_S666;A0A0G2JYZ8_S667;A0A0G2JYZ8_S670"
"QPTVASSAES#DEENRQK","QPTVASSAESDEENRQK","10","10","S","TVASSAESDEENRQK","A0A0G2JYZ8","670","A0A0G2JYZ8_S670"
"NPPPQDY#ES#DDESYEVLDLTEYAR","NPPPQDYESDDESYEVLDLTEYAR","7;9","7;9","Y;S","RNPPPQDYESDDESY;PPPQDYESDDESYEV","Q5BJS4","11;13","Q5BJS4_Y11;Q5BJS4_S13"
"NPPPQDYES#DDESYEVLDLTEYAR","NPPPQDYESDDESYEVLDLTEYAR","9","9","S","PPPQDYESDDESYEV","Q5BJS4","13","Q5BJS4_S13"
"VTIAS#LPR","VTIASLPR","5","5","S","LRRVTIASLPRNLGN","F1LXR9","347","F1LXR9_S347"
"TRKPS#LSER","TRKPSLSER","5","5","S","AERTRKPSLSERRGS","F1LXR9","427","F1LXR9_S427"
"S#LLNKPK","SLLNKPK","1","1","S","______MSLLNKPKS::______MSLLNKPKS::______MSLLNKPKS","A0A8I5ZR44::A0A8I6APK0::M0R8K2","2::2::2","A0A8I5ZR44_S2::A0A8I6APK0_S2::M0R8K2_S2"
"SEMT#PEELQK","SEMTPEELQK","4","4","T","NKPKSEMTPEELQKR::NKPKSEMTPEELQKR","A0A8I5ZR44::M0R8K2","12::12","A0A8I5ZR44_T12::M0R8K2_T12"
"SQPGAEGSPES#PPGR","SQPGAEGSPESPPGR","11","11","S","GAEGSPESPPGRCCR","P08482","254","P08482_S254"
"RPGS#VHRT#PSR","RPGSVHRTPSR","4;8","4;8","S;T","KIPKRPGSVHRTPSR;RPGSVHRTPSRQC__","P08482","451;455","P08482_S451;P08482_T455"
"GILAADES#VGSMAK","GILAADESVGSMAK","8","8","S","GILAADESVGSMAKR","P09117","36","P09117_S36"
"GILAADESVGS#MAK","GILAADESVGSMAK","11","11","S","AADESVGSMAKRLSQ","P09117","39","P09117_S39"
"LNPS#FLDLVR","LNPSFLDLVR","4","4","S","AGKKLNPSFLDLVRT","Q9R0W2","334","Q9R0W2_S334"
"AQAT#GS#PHT#S#PT#HGGGR","AQATGSPHTSPTHGGGR","4;6;9;10;12","4;6;9;10;12","T;S;T;S;T","KLLKAQATGSPHTSP;LKAQATGSPHTSPTH;QATGSPHTSPTHGGG;ATGSPHTSPTHGGGR;GSPHTSPTHGGGRSM","P84060","522;524;527;528;530","P84060_T522;P84060_S524;P84060_T527;P84060_S528;P84060_T530"
"DSESANVS#DK","DSESANVSDK","8","8","S","DSESANVSDKEGGSN","P63007","162","P63007_S162"
"GGGGGGS#PGPTAGPEPLSLPGILHFIQHEWAR","GGGGGGSPGPTAGPEPLSLPGILHFIQHEWAR","7","7","S","KGGGGGGSPGPTAGP","F1M6V8","52","F1M6V8_S52"
"AS#PGPGGLSGGESLLVK","ASPGPGGLSGGESLLVK","2","2","S","VEGAPRASPGPGGLS","F1M6V8","222","F1M6V8_S222"
"LGGSVLEQIPFLQNCEDEDS#DEDDELDSVQHK","LGGSVLEQIPFLQNCEDEDSDEDDELDSVQHK","20","20","S","QNCEDEDSDEDDELD","F1M6V8","275","F1M6V8_S275"
"DLGSQT#PQALTFNDGMSEVK","DLGSQTPQALTFNDGMSEVK","6","6","T","SKDLGSQTPQALTFN","F1LMU5","235","F1LMU5_T235"
"RVS#ISEGDDK","RVSISEGDDK","3","3","S","VYGEKRVSISEGDDK","P22509","130","P22509_S130"
"VADPDHDHTGFLT#EY#VATR","VADPDHDHTGFLTEYVATR","13;15","13;15","T;Y","HDHTGFLTEYVATRW;HTGFLTEYVATRWYR","P63086","183;185","P63086_T183;P63086_Y185"
"VADPDHDHTGFLTEY#VATR","VADPDHDHTGFLTEYVATR","15","15","Y","HTGFLTEYVATRWYR","P63086","185","P63086_Y185"
"VADPDHDHTGFLT#EY#VAT#R","VADPDHDHTGFLTEYVATR","13;15;18","13;15;18","T;Y;T","HDHTGFLTEYVATRW;HTGFLTEYVATRWYR;FLTEYVATRWYRAPE","P63086","183;185;188","P63086_T183;P63086_Y185;P63086_T188"
"EGNAS#GVSLLEALDTILPPTRPTDK","EGNASGVSLLEALDTILPPTRPTDK","5","5","S","ERKEGNASGVSLLEA","P62632","224","P62632_S224"
"VLFDNT#GR","VLFDNTGR","6","6","T","DKVLFDNTGRGKSKS","Q32Q06","223","Q32Q06_T223"
"KFEDS#EK","KFEDSEK","5","5","S","TMKKFEDSEKAKKPV","F7F875","142","F7F875_S142"
"GT#GPGGQLQDLDCS#S#S#DDEGAT#QNT#KPS#AT#K","GTGPGGQLQDLDCSSSDDEGATQNTKPSATK","2;14;15;16;22;25;28;30","2;14;15;16;22;25;28;30","T;S;S;S;T;T;S;T","DINLIRGTGPGGQLQ;QLQDLDCSSSDDEGA;LQDLDCSSSDDEGAT;QDLDCSSSDDEGATQ;SSDDEGATQNTKPSA;DEGATQNTKPSATKG;ATQNTKPSATKGTLG;QNTKPSATKGTLGGM","F7F875","283;295;296;297;303;306;309;311","F7F875_T283;F7F875_S295;F7F875_S296;F7F875_S297;F7F875_T303;F7F875_T306;F7F875_S309;F7F875_T311"
"S#PLFIFVR","SPLFIFVR","1","1","S","PGPFATRSPLFIFVR","O88498","73","O88498_S73"
"RS#S#LLSR","RSSLLSR","2;3","2;3","S;S","LFIFVRRSSLLSRSS;FIFVRRSSLLSRSSS","O88498","82;83","O88498_S82;O88498_S83"
"QVQEAIAGISSAAQAT#S#PT#DEAK","QVQEAIAGISSAAQATSPTDEAK","16;17;19","16;17;19","T;S;T","ISSAAQATSPTDEAK;SSAAQATSPTDEAKG;AAQATSPTDEAKGHT","A0A0G2JYF7","274;275;277","A0A0G2JYF7_T274;A0A0G2JYF7_S275;A0A0G2JYF7_T277"
"AVLMIRT#PEELEDDS#DFEQEDYDVR","AVLMIRTPEELEDDSDFEQEDYDVR","7;15","7;15","T;S","KAVLMIRTPEELEDD;PEELEDDSDFEQEDY","A0A0G2JYF7","645;653","A0A0G2JYF7_T645;A0A0G2JYF7_S653"
"TPEELEDDS#DFEQEDYDVR","TPEELEDDSDFEQEDYDVR","9","9","S","PEELEDDSDFEQEDY","A0A0G2JYF7","653","A0A0G2JYF7_S653"
"S#RT#S#VQTEDDQLIAGQSAR","SRTSVQTEDDQLIAGQSAR","1;3;4","1;3;4","S;T;S","QEDYDVRSRTSVQTE;DYDVRSRTSVQTEDD;YDVRSRTSVQTEDDQ::TEDFDVRSRTSVQTE;DFDVRSRTSVQTEDD;FDVRSRTSVQTEDDQ","A0A0G2JYF7::Q5U302","664;666;667::654;656;657","A0A0G2JYF7_S664;A0A0G2JYF7_T666;A0A0G2JYF7_S667::Q5U302_S654;Q5U302_T656;Q5U302_S657"
"T#S#VQTEDDQLIAGQSAR","TSVQTEDDQLIAGQSAR","1;2","1;2","T;S","DYDVRSRTSVQTEDD;YDVRSRTSVQTEDDQ::DFDVRSRTSVQTEDD;FDVRSRTSVQTEDDQ","A0A0G2JYF7::Q5U302","666;667::656;657","A0A0G2JYF7_T666;A0A0G2JYF7_S667::Q5U302_T656;Q5U302_S657"
"SRT#S#VQTEDDQLIAGQSAR","SRTSVQTEDDQLIAGQSAR","3;4","3;4","T;S","DYDVRSRTSVQTEDD;YDVRSRTSVQTEDDQ::DFDVRSRTSVQTEDD;FDVRSRTSVQTEDDQ","A0A0G2JYF7::Q5U302","666;667::656;657","A0A0G2JYF7_T666;A0A0G2JYF7_S667::Q5U302_T656;Q5U302_S657"
"TSVQT#EDDQLIAGQSAR","TSVQTEDDQLIAGQSAR","5","5","T","RSRTSVQTEDDQLIA::RSRTSVQTEDDQLIA","A0A0G2JYF7::Q5U302","670::660","A0A0G2JYF7_T670::Q5U302_T660"
"IFTIES#AR","IFTIESAR","6","6","S","GRIFTIESARVRGRS","P38650","720","P38650_S720"
"EIVLS#AGS#T#PK","EIVLSAGSTPK","5;8;9","5;8;9","S;S;T","RGKEIVLSAGSTPKV;EIVLSAGSTPKVQGL;IVLSAGSTPKVQGLT","P38650","3915;3918;3919","P38650_S3915;P38650_S3918;P38650_T3919"
"AAAMPDS#PAEVK","AAAMPDSPAEVK","7","7","S","KAAAMPDSPAEVKTQ","D4A303","38","D4A303_S38"
"RSCTLS#PAQR","RSCTLSPAQR","6","6","S","SKRSCTLSPAQRCSP","D4A303","296","D4A303_S296"
